[0m04:04:14.736508 [debug] [MainThread]: Sending event: {'category': 'dbt', 'action': 'invocation', 'label': 'start', 'context': [<snowplow_tracker.self_describing_json.SelfDescribingJson object at 0x000001BBA9278A50>, <snowplow_tracker.self_describing_json.SelfDescribingJson object at 0x000001BBA91B1ED0>, <snowplow_tracker.self_describing_json.SelfDescribingJson object at 0x000001BBA9282610>]}


============================== 04:04:14.744514 | 475b9518-44bc-41d0-b0ef-ca645243e622 ==============================
[0m04:04:14.744514 [info ] [MainThread]: Running with dbt=1.12.3
[0m04:04:14.746513 [debug] [MainThread]: running dbt with arguments {'version_check': 'True', 'no_print': 'None', 'maximum_seed_size_mib': '1', 'warn_error_options': 'WarnErrorOptionsV2(error=[], warn=[], silence=[])', 'target_path': 'None', 'static_parser': 'True', 'printer_width': '80', 'write_json': 'True', 'empty': 'None', 'log_cache_events': 'False', 'introspect': 'True', 'cache_selected_only': 'False', 'log_format': 'default', 'debug': 'False', 'fail_fast': 'False', 'partial_parse': 'True', 'send_anonymous_usage_stats': 'True', 'quiet': 'False', 'warn_error': 'None', 'profiles_dir': 'C:\\Users\\Bamidele\\.dbt', 'use_colors': 'True', 'hints_enabled': 'True', 'invocation_command': 'dbt ', 'use_experimental_parser': 'False', 'indirect_selection': 'eager', 'log_path': 'c:\\Users\\Bamidele\\Documents\\manufact\\manufact-dbt\\qntproj\\logs'}
[0m04:04:15.200414 [debug] [MainThread]: Sending event: {'category': 'dbt', 'action': 'project_id', 'label': '475b9518-44bc-41d0-b0ef-ca645243e622', 'context': [<snowplow_tracker.self_describing_json.SelfDescribingJson object at 0x000001BBA93B7DD0>]}
[0m04:04:15.274707 [info ] [MainThread]: Warning: No packages were found in packages.yml
[0m04:04:15.280703 [info ] [MainThread]: Warning: No packages were found in packages.yml
[0m04:04:15.284704 [debug] [MainThread]: Command `cli deps` succeeded at 04:04:15.284704 after 0.81 seconds
[0m04:04:15.286704 [debug] [MainThread]: Sending event: {'category': 'dbt', 'action': 'invocation', 'label': 'end', 'context': [<snowplow_tracker.self_describing_json.SelfDescribingJson object at 0x000001BBA9302490>, <snowplow_tracker.self_describing_json.SelfDescribingJson object at 0x000001BBA9278150>, <snowplow_tracker.self_describing_json.SelfDescribingJson object at 0x000001BBA91C5E50>]}
[0m04:04:15.288708 [debug] [MainThread]: Flushing usage events
[0m04:04:16.438177 [debug] [MainThread]: An error was encountered while trying to flush usage events
[0m04:21:02.760415 [debug] [MainThread]: Sending event: {'category': 'dbt', 'action': 'invocation', 'label': 'start', 'context': [<snowplow_tracker.self_describing_json.SelfDescribingJson object at 0x000001BB05622090>, <snowplow_tracker.self_describing_json.SelfDescribingJson object at 0x000001BB05623E10>, <snowplow_tracker.self_describing_json.SelfDescribingJson object at 0x000001BB05621510>]}


============================== 04:21:02.769416 | e2f0bde0-eb7c-49d1-89f2-2a790b0d8daa ==============================
[0m04:21:02.769416 [info ] [MainThread]: Running with dbt=1.12.3
[0m04:21:02.772417 [debug] [MainThread]: running dbt with arguments {'static_parser': 'True', 'no_print': 'None', 'maximum_seed_size_mib': '1', 'target_path': 'None', 'warn_error_options': 'WarnErrorOptionsV2(error=[], warn=[], silence=[])', 'version_check': 'True', 'printer_width': '80', 'write_json': 'True', 'introspect': 'True', 'log_cache_events': 'False', 'empty': 'None', 'cache_selected_only': 'False', 'fail_fast': 'False', 'debug': 'False', 'log_format': 'default', 'partial_parse': 'True', 'send_anonymous_usage_stats': 'True', 'quiet': 'False', 'warn_error': 'None', 'profiles_dir': 'C:\\Users\\Bamidele\\.dbt', 'invocation_command': 'dbt test --select stg_customers', 'hints_enabled': 'True', 'use_colors': 'True', 'use_experimental_parser': 'False', 'indirect_selection': 'eager', 'log_path': 'C:\\Users\\Bamidele\\Documents\\manufact\\manufact-dbt\\qntproj\\logs'}
[0m04:21:05.665112 [debug] [MainThread]: Sending event: {'category': 'dbt', 'action': 'project_id', 'label': 'e2f0bde0-eb7c-49d1-89f2-2a790b0d8daa', 'context': [<snowplow_tracker.self_describing_json.SelfDescribingJson object at 0x000001BB0ED37A50>]}
[0m04:21:05.850112 [debug] [MainThread]: Sending event: {'category': 'dbt', 'action': 'adapter_info', 'label': 'e2f0bde0-eb7c-49d1-89f2-2a790b0d8daa', 'context': [<snowplow_tracker.self_describing_json.SelfDescribingJson object at 0x000001BB031CCE90>]}
[0m04:21:05.853117 [info ] [MainThread]: Registered adapter: bigquery=1.12.0
[0m04:21:07.164125 [debug] [MainThread]: checksum: d860646ec4cb4da1117743516a819ec583c41076b3390034a3c79bc1e260c204, vars: {}, profile: qntproj, target: dev, version: 1.12.3
[0m04:21:07.557126 [debug] [MainThread]: Partial parsing enabled: 3 files deleted, 0 files added, 0 files changed.
[0m04:21:07.560126 [debug] [MainThread]: Partial parsing: deleted file: qntproj://models\example\my_first_dbt_model.sql
[0m04:21:07.561126 [debug] [MainThread]: Partial parsing: deleted file: qntproj://models\example\my_second_dbt_model.sql
[0m04:21:07.793127 [warn ] [MainThread]: [[33mWARNING[0m]: Configuration paths exist in your dbt_project.yml file which do not apply to any resources.
There are 1 unused configuration paths:
- models.qntproj.example
[0m04:21:07.804127 [debug] [MainThread]: Sending event: {'category': 'dbt', 'action': 'load_project', 'label': 'e2f0bde0-eb7c-49d1-89f2-2a790b0d8daa', 'context': [<snowplow_tracker.self_describing_json.SelfDescribingJson object at 0x000001BB056ECF10>]}
[0m04:21:08.244127 [debug] [MainThread]: Wrote artifact WritableManifest to C:\Users\Bamidele\Documents\manufact\manufact-dbt\qntproj\target\manifest.json
[0m04:21:08.253702 [debug] [MainThread]: Wrote artifact SemanticManifest to C:\Users\Bamidele\Documents\manufact\manufact-dbt\qntproj\target\semantic_manifest.json
[0m04:21:08.352576 [debug] [MainThread]: Wrote artifact OsiDocument to C:\Users\Bamidele\Documents\manufact\manufact-dbt\qntproj\target\osi_document.json
[0m04:21:08.568533 [debug] [MainThread]: Sending event: {'category': 'dbt', 'action': 'resource_counts', 'label': 'e2f0bde0-eb7c-49d1-89f2-2a790b0d8daa', 'context': [<snowplow_tracker.self_describing_json.SelfDescribingJson object at 0x000001BB0ECAEC10>]}
[0m04:21:08.570450 [info ] [MainThread]: Found 1 model, 561 macros
[0m04:21:08.572519 [debug] [MainThread]: Sending event: {'category': 'dbt', 'action': 'runnable_timing', 'label': 'e2f0bde0-eb7c-49d1-89f2-2a790b0d8daa', 'context': [<snowplow_tracker.self_describing_json.SelfDescribingJson object at 0x000001BB05506A50>]}
[0m04:21:08.577616 [warn ] [MainThread]: [[33mWARNING[0m]: Nothing to do. Try checking your model configs and model specification args
[0m04:21:08.587650 [debug] [MainThread]: Command end result
[0m04:21:08.895430 [debug] [MainThread]: Wrote artifact WritableManifest to C:\Users\Bamidele\Documents\manufact\manufact-dbt\qntproj\target\manifest.json
[0m04:21:08.915430 [debug] [MainThread]: Wrote artifact SemanticManifest to C:\Users\Bamidele\Documents\manufact\manufact-dbt\qntproj\target\semantic_manifest.json
[0m04:21:08.930431 [debug] [MainThread]: Wrote artifact OsiDocument to C:\Users\Bamidele\Documents\manufact\manufact-dbt\qntproj\target\osi_document.json
[0m04:21:08.950429 [debug] [MainThread]: Wrote artifact RunExecutionResult to C:\Users\Bamidele\Documents\manufact\manufact-dbt\qntproj\target\run_results.json
[0m04:21:08.954435 [debug] [MainThread]: Command `dbt test` succeeded at 04:21:08.953430 after 6.41 seconds
[0m04:21:08.956432 [debug] [MainThread]: Sending event: {'category': 'dbt', 'action': 'invocation', 'label': 'end', 'context': [<snowplow_tracker.self_describing_json.SelfDescribingJson object at 0x000001BB7D39EBD0>, <snowplow_tracker.self_describing_json.SelfDescribingJson object at 0x000001BB054E3250>, <snowplow_tracker.self_describing_json.SelfDescribingJson object at 0x000001BB0559B050>]}
[0m04:21:08.958430 [debug] [MainThread]: Flushing usage events
[0m04:21:10.221878 [debug] [MainThread]: An error was encountered while trying to flush usage events
[0m04:22:23.303989 [debug] [MainThread]: Sending event: {'category': 'dbt', 'action': 'invocation', 'label': 'start', 'context': [<snowplow_tracker.self_describing_json.SelfDescribingJson object at 0x000001A2D2572750>, <snowplow_tracker.self_describing_json.SelfDescribingJson object at 0x000001A2D2570950>, <snowplow_tracker.self_describing_json.SelfDescribingJson object at 0x000001A2D2571ED0>]}


============================== 04:22:23.310014 | 477c2f59-7011-45cf-a3a6-ab192a104f80 ==============================
[0m04:22:23.310014 [info ] [MainThread]: Running with dbt=1.12.3
[0m04:22:23.311994 [debug] [MainThread]: running dbt with arguments {'maximum_seed_size_mib': '1', 'no_print': 'None', 'static_parser': 'True', 'target_path': 'None', 'warn_error_options': 'WarnErrorOptionsV2(error=[], warn=[], silence=[])', 'version_check': 'True', 'printer_width': '80', 'write_json': 'True', 'empty': 'None', 'log_cache_events': 'False', 'introspect': 'True', 'cache_selected_only': 'False', 'log_format': 'default', 'debug': 'False', 'fail_fast': 'False', 'profiles_dir': 'C:\\Users\\Bamidele\\.dbt', 'send_anonymous_usage_stats': 'True', 'quiet': 'False', 'warn_error': 'None', 'partial_parse': 'True', 'invocation_command': 'dbt test --select stg_customers', 'hints_enabled': 'True', 'indirect_selection': 'eager', 'use_experimental_parser': 'False', 'use_colors': 'True', 'log_path': 'C:\\Users\\Bamidele\\Documents\\manufact\\manufact-dbt\\qntproj\\logs'}
[0m04:22:25.898823 [debug] [MainThread]: Sending event: {'category': 'dbt', 'action': 'project_id', 'label': '477c2f59-7011-45cf-a3a6-ab192a104f80', 'context': [<snowplow_tracker.self_describing_json.SelfDescribingJson object at 0x000001A2D0B020D0>]}
[0m04:22:26.092822 [debug] [MainThread]: Sending event: {'category': 'dbt', 'action': 'adapter_info', 'label': '477c2f59-7011-45cf-a3a6-ab192a104f80', 'context': [<snowplow_tracker.self_describing_json.SelfDescribingJson object at 0x000001A2CD7C5550>]}
[0m04:22:26.095823 [info ] [MainThread]: Registered adapter: bigquery=1.12.0
[0m04:22:27.438423 [debug] [MainThread]: checksum: d860646ec4cb4da1117743516a819ec583c41076b3390034a3c79bc1e260c204, vars: {}, profile: qntproj, target: dev, version: 1.12.3
[0m04:22:27.899037 [debug] [MainThread]: Partial parsing enabled: 0 files deleted, 0 files added, 0 files changed.
[0m04:22:27.900038 [debug] [MainThread]: Nothing changed, skipping partial parsing.
[0m04:22:27.901040 [debug] [MainThread]: Partial parsing enabled, no changes found, skipping parsing
[0m04:22:27.911037 [warn ] [MainThread]: [[33mWARNING[0m]: Configuration paths exist in your dbt_project.yml file which do not apply to any resources.
There are 1 unused configuration paths:
- models.qntproj.stg_customers
[0m04:22:27.920041 [debug] [MainThread]: Sending event: {'category': 'dbt', 'action': 'load_project', 'label': '477c2f59-7011-45cf-a3a6-ab192a104f80', 'context': [<snowplow_tracker.self_describing_json.SelfDescribingJson object at 0x000001A2DBB19F90>]}
[0m04:22:28.301551 [debug] [MainThread]: Wrote artifact WritableManifest to C:\Users\Bamidele\Documents\manufact\manufact-dbt\qntproj\target\manifest.json
[0m04:22:28.311967 [debug] [MainThread]: Wrote artifact SemanticManifest to C:\Users\Bamidele\Documents\manufact\manufact-dbt\qntproj\target\semantic_manifest.json
[0m04:22:28.370391 [debug] [MainThread]: Wrote artifact OsiDocument to C:\Users\Bamidele\Documents\manufact\manufact-dbt\qntproj\target\osi_document.json
[0m04:22:28.411392 [debug] [MainThread]: Sending event: {'category': 'dbt', 'action': 'resource_counts', 'label': '477c2f59-7011-45cf-a3a6-ab192a104f80', 'context': [<snowplow_tracker.self_describing_json.SelfDescribingJson object at 0x000001A2DC0B0410>]}
[0m04:22:28.413562 [info ] [MainThread]: Found 1 model, 561 macros
[0m04:22:28.415859 [debug] [MainThread]: Sending event: {'category': 'dbt', 'action': 'runnable_timing', 'label': '477c2f59-7011-45cf-a3a6-ab192a104f80', 'context': [<snowplow_tracker.self_describing_json.SelfDescribingJson object at 0x000001A2DC0A3A90>]}
[0m04:22:28.419624 [warn ] [MainThread]: [[33mWARNING[0m]: Nothing to do. Try checking your model configs and model specification args
[0m04:22:28.425318 [debug] [MainThread]: Command end result
[0m04:22:28.538283 [debug] [MainThread]: Wrote artifact WritableManifest to C:\Users\Bamidele\Documents\manufact\manufact-dbt\qntproj\target\manifest.json
[0m04:22:28.545279 [debug] [MainThread]: Wrote artifact SemanticManifest to C:\Users\Bamidele\Documents\manufact\manufact-dbt\qntproj\target\semantic_manifest.json
[0m04:22:28.554279 [debug] [MainThread]: Wrote artifact OsiDocument to C:\Users\Bamidele\Documents\manufact\manufact-dbt\qntproj\target\osi_document.json
[0m04:22:28.562283 [debug] [MainThread]: Wrote artifact RunExecutionResult to C:\Users\Bamidele\Documents\manufact\manufact-dbt\qntproj\target\run_results.json
[0m04:22:28.565283 [debug] [MainThread]: Command `dbt test` succeeded at 04:22:28.565283 after 5.43 seconds
[0m04:22:28.567282 [debug] [MainThread]: Sending event: {'category': 'dbt', 'action': 'invocation', 'label': 'end', 'context': [<snowplow_tracker.self_describing_json.SelfDescribingJson object at 0x000001A2CA33EBD0>, <snowplow_tracker.self_describing_json.SelfDescribingJson object at 0x000001A2D24EB150>, <snowplow_tracker.self_describing_json.SelfDescribingJson object at 0x000001A2D24FA610>]}
[0m04:22:28.568280 [debug] [MainThread]: Flushing usage events
[0m04:22:29.705289 [debug] [MainThread]: An error was encountered while trying to flush usage events
[0m04:25:37.286283 [debug] [MainThread]: Sending event: {'category': 'dbt', 'action': 'invocation', 'label': 'start', 'context': [<snowplow_tracker.self_describing_json.SelfDescribingJson object at 0x0000013BD03E1F90>, <snowplow_tracker.self_describing_json.SelfDescribingJson object at 0x0000013BD03E0090>, <snowplow_tracker.self_describing_json.SelfDescribingJson object at 0x0000013BD03E1710>]}


============================== 04:25:37.293280 | b1c65110-409c-47b7-841d-9e99a0ab44ff ==============================
[0m04:25:37.293280 [info ] [MainThread]: Running with dbt=1.12.3
[0m04:25:37.296285 [debug] [MainThread]: running dbt with arguments {'maximum_seed_size_mib': '1', 'no_print': 'None', 'version_check': 'True', 'target_path': 'None', 'warn_error_options': 'WarnErrorOptionsV2(error=[], warn=[], silence=[])', 'static_parser': 'True', 'printer_width': '80', 'write_json': 'True', 'introspect': 'True', 'log_cache_events': 'False', 'empty': 'None', 'cache_selected_only': 'False', 'log_format': 'default', 'debug': 'False', 'fail_fast': 'False', 'partial_parse': 'True', 'send_anonymous_usage_stats': 'True', 'quiet': 'False', 'warn_error': 'None', 'profiles_dir': 'C:\\Users\\Bamidele\\.dbt', 'use_colors': 'True', 'hints_enabled': 'True', 'invocation_command': 'dbt test --select stg_customers', 'use_experimental_parser': 'False', 'indirect_selection': 'eager', 'log_path': 'C:\\Users\\Bamidele\\Documents\\manufact\\manufact-dbt\\qntproj\\logs'}
[0m04:25:39.880769 [debug] [MainThread]: Sending event: {'category': 'dbt', 'action': 'project_id', 'label': 'b1c65110-409c-47b7-841d-9e99a0ab44ff', 'context': [<snowplow_tracker.self_describing_json.SelfDescribingJson object at 0x0000013BCDFC5BD0>]}
[0m04:25:39.989746 [debug] [MainThread]: Sending event: {'category': 'dbt', 'action': 'adapter_info', 'label': 'b1c65110-409c-47b7-841d-9e99a0ab44ff', 'context': [<snowplow_tracker.self_describing_json.SelfDescribingJson object at 0x0000013BCB634950>]}
[0m04:25:39.991750 [info ] [MainThread]: Registered adapter: bigquery=1.12.0
[0m04:25:40.990522 [debug] [MainThread]: checksum: d860646ec4cb4da1117743516a819ec583c41076b3390034a3c79bc1e260c204, vars: {}, profile: qntproj, target: dev, version: 1.12.3
[0m04:25:41.453515 [debug] [MainThread]: Partial parsing enabled: 0 files deleted, 0 files added, 0 files changed.
[0m04:25:41.454517 [debug] [MainThread]: Nothing changed, skipping partial parsing.
[0m04:25:41.455517 [debug] [MainThread]: Partial parsing enabled, no changes found, skipping parsing
[0m04:25:41.464517 [warn ] [MainThread]: [[33mWARNING[0m]: Configuration paths exist in your dbt_project.yml file which do not apply to any resources.
There are 1 unused configuration paths:
- models.qntproj.stg_customers
[0m04:25:41.472513 [debug] [MainThread]: Sending event: {'category': 'dbt', 'action': 'load_project', 'label': 'b1c65110-409c-47b7-841d-9e99a0ab44ff', 'context': [<snowplow_tracker.self_describing_json.SelfDescribingJson object at 0x0000013BD9FA3350>]}
[0m04:25:41.910520 [debug] [MainThread]: Wrote artifact WritableManifest to C:\Users\Bamidele\Documents\manufact\manufact-dbt\qntproj\target\manifest.json
[0m04:25:41.917521 [debug] [MainThread]: Wrote artifact SemanticManifest to C:\Users\Bamidele\Documents\manufact\manufact-dbt\qntproj\target\semantic_manifest.json
[0m04:25:41.975026 [debug] [MainThread]: Wrote artifact OsiDocument to C:\Users\Bamidele\Documents\manufact\manufact-dbt\qntproj\target\osi_document.json
[0m04:25:42.016030 [debug] [MainThread]: Sending event: {'category': 'dbt', 'action': 'resource_counts', 'label': 'b1c65110-409c-47b7-841d-9e99a0ab44ff', 'context': [<snowplow_tracker.self_describing_json.SelfDescribingJson object at 0x0000013BD9F20C10>]}
[0m04:25:42.020030 [info ] [MainThread]: Found 2 models, 561 macros
[0m04:25:42.021028 [debug] [MainThread]: Sending event: {'category': 'dbt', 'action': 'runnable_timing', 'label': 'b1c65110-409c-47b7-841d-9e99a0ab44ff', 'context': [<snowplow_tracker.self_describing_json.SelfDescribingJson object at 0x0000013BD9A5DD10>]}
[0m04:25:42.024022 [warn ] [MainThread]: [[33mWARNING[0m]: Nothing to do. Try checking your model configs and model specification args
[0m04:25:42.033026 [debug] [MainThread]: Command end result
[0m04:25:42.118029 [debug] [MainThread]: Wrote artifact WritableManifest to C:\Users\Bamidele\Documents\manufact\manufact-dbt\qntproj\target\manifest.json
[0m04:25:42.125026 [debug] [MainThread]: Wrote artifact SemanticManifest to C:\Users\Bamidele\Documents\manufact\manufact-dbt\qntproj\target\semantic_manifest.json
[0m04:25:42.132027 [debug] [MainThread]: Wrote artifact OsiDocument to C:\Users\Bamidele\Documents\manufact\manufact-dbt\qntproj\target\osi_document.json
[0m04:25:42.139025 [debug] [MainThread]: Wrote artifact RunExecutionResult to C:\Users\Bamidele\Documents\manufact\manufact-dbt\qntproj\target\run_results.json
[0m04:25:42.142052 [debug] [MainThread]: Command `dbt test` succeeded at 04:25:42.142052 after 5.16 seconds
[0m04:25:42.144051 [debug] [MainThread]: Sending event: {'category': 'dbt', 'action': 'invocation', 'label': 'end', 'context': [<snowplow_tracker.self_describing_json.SelfDescribingJson object at 0x0000013BC822EBD0>, <snowplow_tracker.self_describing_json.SelfDescribingJson object at 0x0000013BD03E1190>, <snowplow_tracker.self_describing_json.SelfDescribingJson object at 0x0000013BD035B110>]}
[0m04:25:42.145028 [debug] [MainThread]: Flushing usage events
[0m04:25:43.309215 [debug] [MainThread]: An error was encountered while trying to flush usage events
[0m04:27:15.847226 [debug] [MainThread]: Sending event: {'category': 'dbt', 'action': 'invocation', 'label': 'start', 'context': [<snowplow_tracker.self_describing_json.SelfDescribingJson object at 0x0000019C64332150>, <snowplow_tracker.self_describing_json.SelfDescribingJson object at 0x0000019C643304D0>, <snowplow_tracker.self_describing_json.SelfDescribingJson object at 0x0000019C64331650>]}


============================== 04:27:15.852246 | 385540ca-5fd4-43ab-a5ab-36c9fbf5439e ==============================
[0m04:27:15.852246 [info ] [MainThread]: Running with dbt=1.12.3
[0m04:27:15.854224 [debug] [MainThread]: running dbt with arguments {'version_check': 'True', 'no_print': 'None', 'static_parser': 'True', 'target_path': 'None', 'warn_error_options': 'WarnErrorOptionsV2(error=[], warn=[], silence=[])', 'maximum_seed_size_mib': '1', 'printer_width': '80', 'write_json': 'True', 'introspect': 'True', 'log_cache_events': 'False', 'empty': 'None', 'cache_selected_only': 'False', 'fail_fast': 'False', 'debug': 'False', 'log_format': 'default', 'partial_parse': 'True', 'send_anonymous_usage_stats': 'True', 'quiet': 'False', 'warn_error': 'None', 'profiles_dir': 'C:\\Users\\Bamidele\\.dbt', 'indirect_selection': 'eager', 'hints_enabled': 'True', 'use_colors': 'True', 'use_experimental_parser': 'False', 'invocation_command': 'dbt test --select stg_customers', 'log_path': 'C:\\Users\\Bamidele\\Documents\\manufact\\manufact-dbt\\qntproj\\logs'}
[0m04:27:17.755686 [debug] [MainThread]: Sending event: {'category': 'dbt', 'action': 'project_id', 'label': '385540ca-5fd4-43ab-a5ab-36c9fbf5439e', 'context': [<snowplow_tracker.self_describing_json.SelfDescribingJson object at 0x0000019C643FF2D0>]}
[0m04:27:17.867687 [debug] [MainThread]: Sending event: {'category': 'dbt', 'action': 'adapter_info', 'label': '385540ca-5fd4-43ab-a5ab-36c9fbf5439e', 'context': [<snowplow_tracker.self_describing_json.SelfDescribingJson object at 0x0000019C5F585AD0>]}
[0m04:27:17.868663 [info ] [MainThread]: Registered adapter: bigquery=1.12.0
[0m04:27:19.149373 [debug] [MainThread]: checksum: d860646ec4cb4da1117743516a819ec583c41076b3390034a3c79bc1e260c204, vars: {}, profile: qntproj, target: dev, version: 1.12.3
[0m04:27:19.675850 [debug] [MainThread]: Partial parsing enabled: 0 files deleted, 0 files added, 0 files changed.
[0m04:27:19.681846 [debug] [MainThread]: Nothing changed, skipping partial parsing.
[0m04:27:19.693846 [debug] [MainThread]: Partial parsing enabled, no changes found, skipping parsing
[0m04:27:19.728847 [debug] [MainThread]: Sending event: {'category': 'dbt', 'action': 'load_project', 'label': '385540ca-5fd4-43ab-a5ab-36c9fbf5439e', 'context': [<snowplow_tracker.self_describing_json.SelfDescribingJson object at 0x0000019C6DF20710>]}
[0m04:27:20.125848 [debug] [MainThread]: Wrote artifact WritableManifest to C:\Users\Bamidele\Documents\manufact\manufact-dbt\qntproj\target\manifest.json
[0m04:27:20.137847 [debug] [MainThread]: Wrote artifact SemanticManifest to C:\Users\Bamidele\Documents\manufact\manufact-dbt\qntproj\target\semantic_manifest.json
[0m04:27:20.219848 [debug] [MainThread]: Wrote artifact OsiDocument to C:\Users\Bamidele\Documents\manufact\manufact-dbt\qntproj\target\osi_document.json
[0m04:27:20.275848 [debug] [MainThread]: Sending event: {'category': 'dbt', 'action': 'resource_counts', 'label': '385540ca-5fd4-43ab-a5ab-36c9fbf5439e', 'context': [<snowplow_tracker.self_describing_json.SelfDescribingJson object at 0x0000019C6DE61750>]}
[0m04:27:20.279849 [info ] [MainThread]: Found 2 models, 561 macros
[0m04:27:20.281849 [debug] [MainThread]: Sending event: {'category': 'dbt', 'action': 'runnable_timing', 'label': '385540ca-5fd4-43ab-a5ab-36c9fbf5439e', 'context': [<snowplow_tracker.self_describing_json.SelfDescribingJson object at 0x0000019C6DD66CD0>]}
[0m04:27:20.285849 [warn ] [MainThread]: [[33mWARNING[0m]: Nothing to do. Try checking your model configs and model specification args
[0m04:27:20.292848 [debug] [MainThread]: Command end result
[0m04:27:20.429657 [debug] [MainThread]: Wrote artifact WritableManifest to C:\Users\Bamidele\Documents\manufact\manufact-dbt\qntproj\target\manifest.json
[0m04:27:20.438362 [debug] [MainThread]: Wrote artifact SemanticManifest to C:\Users\Bamidele\Documents\manufact\manufact-dbt\qntproj\target\semantic_manifest.json
[0m04:27:20.448808 [debug] [MainThread]: Wrote artifact OsiDocument to C:\Users\Bamidele\Documents\manufact\manufact-dbt\qntproj\target\osi_document.json
[0m04:27:20.461447 [debug] [MainThread]: Wrote artifact RunExecutionResult to C:\Users\Bamidele\Documents\manufact\manufact-dbt\qntproj\target\run_results.json
[0m04:27:20.465463 [debug] [MainThread]: Command `dbt test` succeeded at 04:27:20.464462 after 4.78 seconds
[0m04:27:20.466463 [debug] [MainThread]: Sending event: {'category': 'dbt', 'action': 'invocation', 'label': 'end', 'context': [<snowplow_tracker.self_describing_json.SelfDescribingJson object at 0x0000019C64327ED0>, <snowplow_tracker.self_describing_json.SelfDescribingJson object at 0x0000019C5C0BEBD0>, <snowplow_tracker.self_describing_json.SelfDescribingJson object at 0x0000019C642AAE50>]}
[0m04:27:20.469113 [debug] [MainThread]: Flushing usage events
[0m04:27:21.744808 [debug] [MainThread]: An error was encountered while trying to flush usage events
[0m04:30:25.670512 [debug] [MainThread]: Sending event: {'category': 'dbt', 'action': 'invocation', 'label': 'start', 'context': [<snowplow_tracker.self_describing_json.SelfDescribingJson object at 0x000001BE29DC2050>, <snowplow_tracker.self_describing_json.SelfDescribingJson object at 0x000001BE29DC2590>, <snowplow_tracker.self_describing_json.SelfDescribingJson object at 0x000001BE29DC3B10>]}


============================== 04:30:25.676509 | 37b4d73d-bf45-463b-9774-e62a83cf6221 ==============================
[0m04:30:25.676509 [info ] [MainThread]: Running with dbt=1.12.3
[0m04:30:25.678513 [debug] [MainThread]: running dbt with arguments {'maximum_seed_size_mib': '1', 'no_print': 'None', 'static_parser': 'True', 'warn_error_options': 'WarnErrorOptionsV2(error=[], warn=[], silence=[])', 'target_path': 'None', 'version_check': 'True', 'printer_width': '80', 'write_json': 'True', 'introspect': 'True', 'log_cache_events': 'False', 'empty': 'None', 'cache_selected_only': 'False', 'fail_fast': 'False', 'debug': 'False', 'log_format': 'default', 'partial_parse': 'True', 'send_anonymous_usage_stats': 'True', 'quiet': 'False', 'warn_error': 'None', 'profiles_dir': 'C:\\Users\\Bamidele\\.dbt', 'indirect_selection': 'eager', 'hints_enabled': 'True', 'invocation_command': 'dbt ls --resource-type model', 'use_experimental_parser': 'False', 'use_colors': 'True', 'log_path': 'C:\\Users\\Bamidele\\Documents\\manufact\\manufact-dbt\\qntproj\\logs'}
[0m04:30:27.872674 [debug] [MainThread]: Sending event: {'category': 'dbt', 'action': 'project_id', 'label': '37b4d73d-bf45-463b-9774-e62a83cf6221', 'context': [<snowplow_tracker.self_describing_json.SelfDescribingJson object at 0x000001BE3335AD90>]}
[0m04:30:28.028677 [debug] [MainThread]: Sending event: {'category': 'dbt', 'action': 'adapter_info', 'label': '37b4d73d-bf45-463b-9774-e62a83cf6221', 'context': [<snowplow_tracker.self_describing_json.SelfDescribingJson object at 0x000001BE279C9050>]}
[0m04:30:28.030676 [info ] [MainThread]: Registered adapter: bigquery=1.12.0
[0m04:30:28.899679 [debug] [MainThread]: checksum: d860646ec4cb4da1117743516a819ec583c41076b3390034a3c79bc1e260c204, vars: {}, profile: qntproj, target: dev, version: 1.12.3
[0m04:30:29.254665 [debug] [MainThread]: Partial parsing enabled: 0 files deleted, 0 files added, 0 files changed.
[0m04:30:29.255665 [debug] [MainThread]: Nothing changed, skipping partial parsing.
[0m04:30:29.256668 [debug] [MainThread]: Partial parsing enabled, no changes found, skipping parsing
[0m04:30:29.278667 [debug] [MainThread]: Sending event: {'category': 'dbt', 'action': 'load_project', 'label': '37b4d73d-bf45-463b-9774-e62a83cf6221', 'context': [<snowplow_tracker.self_describing_json.SelfDescribingJson object at 0x000001BE339A9210>]}
[0m04:30:29.660671 [debug] [MainThread]: Wrote artifact WritableManifest to C:\Users\Bamidele\Documents\manufact\manufact-dbt\qntproj\target\manifest.json
[0m04:30:29.667669 [debug] [MainThread]: Wrote artifact SemanticManifest to C:\Users\Bamidele\Documents\manufact\manufact-dbt\qntproj\target\semantic_manifest.json
[0m04:30:29.718670 [debug] [MainThread]: Wrote artifact OsiDocument to C:\Users\Bamidele\Documents\manufact\manufact-dbt\qntproj\target\osi_document.json
[0m04:30:29.756144 [debug] [MainThread]: Sending event: {'category': 'dbt', 'action': 'resource_counts', 'label': '37b4d73d-bf45-463b-9774-e62a83cf6221', 'context': [<snowplow_tracker.self_describing_json.SelfDescribingJson object at 0x000001BE33877FD0>]}
[0m04:30:29.758141 [info ] [MainThread]: Found 2 models, 561 macros
[0m04:30:29.760142 [debug] [MainThread]: Sending event: {'category': 'dbt', 'action': 'runnable_timing', 'label': '37b4d73d-bf45-463b-9774-e62a83cf6221', 'context': [<snowplow_tracker.self_describing_json.SelfDescribingJson object at 0x000001BE33803C90>]}
[0m04:30:29.762142 [info ] [MainThread]: qntproj.staging.stg_customers
[0m04:30:29.763139 [info ] [MainThread]: qntproj.staging.stg_production
[0m04:30:29.765139 [debug] [MainThread]: Command `dbt ls` succeeded at 04:30:29.765139 after 4.27 seconds
[0m04:30:29.766140 [debug] [MainThread]: Sending event: {'category': 'dbt', 'action': 'invocation', 'label': 'end', 'context': [<snowplow_tracker.self_describing_json.SelfDescribingJson object at 0x000001BE21CAEBD0>, <snowplow_tracker.self_describing_json.SelfDescribingJson object at 0x000001BE29E32890>, <snowplow_tracker.self_describing_json.SelfDescribingJson object at 0x000001BE29CE5CD0>]}
[0m04:30:29.767139 [debug] [MainThread]: Flushing usage events
[0m04:30:31.111826 [debug] [MainThread]: An error was encountered while trying to flush usage events
[0m04:31:30.073846 [debug] [MainThread]: Sending event: {'category': 'dbt', 'action': 'invocation', 'label': 'start', 'context': [<snowplow_tracker.self_describing_json.SelfDescribingJson object at 0x00000290FDA23B90>, <snowplow_tracker.self_describing_json.SelfDescribingJson object at 0x00000290FDA21C50>, <snowplow_tracker.self_describing_json.SelfDescribingJson object at 0x00000290FDA20D10>]}


============================== 04:31:30.079869 | 71091618-7b9d-46e8-983a-e9ef579627b3 ==============================
[0m04:31:30.079869 [info ] [MainThread]: Running with dbt=1.12.3
[0m04:31:30.080859 [debug] [MainThread]: running dbt with arguments {'maximum_seed_size_mib': '1', 'no_print': 'None', 'version_check': 'True', 'target_path': 'None', 'warn_error_options': 'WarnErrorOptionsV2(error=[], warn=[], silence=[])', 'static_parser': 'True', 'printer_width': '80', 'write_json': 'True', 'empty': 'None', 'log_cache_events': 'False', 'introspect': 'True', 'cache_selected_only': 'False', 'log_format': 'default', 'debug': 'False', 'fail_fast': 'False', 'profiles_dir': 'C:\\Users\\Bamidele\\.dbt', 'send_anonymous_usage_stats': 'True', 'quiet': 'False', 'warn_error': 'None', 'partial_parse': 'True', 'use_colors': 'True', 'hints_enabled': 'True', 'invocation_command': 'dbt test --select stg_customers', 'use_experimental_parser': 'False', 'indirect_selection': 'eager', 'log_path': 'C:\\Users\\Bamidele\\Documents\\manufact\\manufact-dbt\\qntproj\\logs'}
[0m04:31:32.199185 [debug] [MainThread]: Sending event: {'category': 'dbt', 'action': 'project_id', 'label': '71091618-7b9d-46e8-983a-e9ef579627b3', 'context': [<snowplow_tracker.self_describing_json.SelfDescribingJson object at 0x00000290FDA67150>]}
[0m04:31:32.307188 [debug] [MainThread]: Sending event: {'category': 'dbt', 'action': 'adapter_info', 'label': '71091618-7b9d-46e8-983a-e9ef579627b3', 'context': [<snowplow_tracker.self_describing_json.SelfDescribingJson object at 0x00000290FB5C8F50>]}
[0m04:31:32.310193 [info ] [MainThread]: Registered adapter: bigquery=1.12.0
[0m04:31:33.309127 [debug] [MainThread]: checksum: d860646ec4cb4da1117743516a819ec583c41076b3390034a3c79bc1e260c204, vars: {}, profile: qntproj, target: dev, version: 1.12.3
[0m04:31:33.694649 [debug] [MainThread]: Partial parsing enabled: 0 files deleted, 0 files added, 1 files changed.
[0m04:31:33.696652 [debug] [MainThread]: Partial parsing: updated file: qntproj://models\staging\stg_customers.sql
[0m04:31:34.364897 [error] [MainThread]: [[31mERROR[0m]: Encountered an error:
Compilation Error
  Model 'model.qntproj.stg_customers' (models\staging\stg_customers.sql) depends on a source named 'raw.customers' which was not found
[0m04:31:34.367899 [debug] [MainThread]: Command `dbt test` failed at 04:31:34.367899 after 4.45 seconds
[0m04:31:34.368899 [debug] [MainThread]: Sending event: {'category': 'dbt', 'action': 'invocation', 'label': 'end', 'context': [<snowplow_tracker.self_describing_json.SelfDescribingJson object at 0x00000290FDA996D0>, <snowplow_tracker.self_describing_json.SelfDescribingJson object at 0x00000290FDA9A990>, <snowplow_tracker.self_describing_json.SelfDescribingJson object at 0x00000290FD9AB6D0>]}
[0m04:31:34.370898 [debug] [MainThread]: Flushing usage events
[0m04:31:35.507234 [debug] [MainThread]: An error was encountered while trying to flush usage events
[0m04:34:56.778283 [debug] [MainThread]: Sending event: {'category': 'dbt', 'action': 'invocation', 'label': 'start', 'context': [<snowplow_tracker.self_describing_json.SelfDescribingJson object at 0x000001CF55203E50>, <snowplow_tracker.self_describing_json.SelfDescribingJson object at 0x000001CF550E6A50>, <snowplow_tracker.self_describing_json.SelfDescribingJson object at 0x000001CF55200C50>]}


============================== 04:34:56.784284 | 62979f98-d331-4a8f-8f23-9a78e9b84ca7 ==============================
[0m04:34:56.784284 [info ] [MainThread]: Running with dbt=1.12.3
[0m04:34:56.785280 [debug] [MainThread]: running dbt with arguments {'maximum_seed_size_mib': '1', 'no_print': 'None', 'version_check': 'True', 'target_path': 'None', 'static_parser': 'True', 'warn_error_options': 'WarnErrorOptionsV2(error=[], warn=[], silence=[])', 'printer_width': '80', 'write_json': 'True', 'introspect': 'True', 'log_cache_events': 'False', 'empty': 'None', 'cache_selected_only': 'False', 'fail_fast': 'False', 'debug': 'False', 'log_format': 'default', 'partial_parse': 'True', 'send_anonymous_usage_stats': 'True', 'quiet': 'False', 'warn_error': 'None', 'profiles_dir': 'C:\\Users\\Bamidele\\.dbt', 'invocation_command': 'dbt test --select stg_customers', 'hints_enabled': 'True', 'use_colors': 'True', 'use_experimental_parser': 'False', 'indirect_selection': 'eager', 'log_path': 'C:\\Users\\Bamidele\\Documents\\manufact\\manufact-dbt\\qntproj\\logs'}
[0m04:34:59.935999 [debug] [MainThread]: Sending event: {'category': 'dbt', 'action': 'project_id', 'label': '62979f98-d331-4a8f-8f23-9a78e9b84ca7', 'context': [<snowplow_tracker.self_describing_json.SelfDescribingJson object at 0x000001CF5E7E5290>]}
[0m04:35:00.129496 [debug] [MainThread]: Sending event: {'category': 'dbt', 'action': 'adapter_info', 'label': '62979f98-d331-4a8f-8f23-9a78e9b84ca7', 'context': [<snowplow_tracker.self_describing_json.SelfDescribingJson object at 0x000001CF52DC1050>]}
[0m04:35:00.133500 [info ] [MainThread]: Registered adapter: bigquery=1.12.0
[0m04:35:01.570174 [debug] [MainThread]: checksum: d860646ec4cb4da1117743516a819ec583c41076b3390034a3c79bc1e260c204, vars: {}, profile: qntproj, target: dev, version: 1.12.3
[0m04:35:01.818835 [info ] [MainThread]: Unable to do partial parsing because a project config has changed
[0m04:35:01.820836 [debug] [MainThread]: Sending event: {'category': 'dbt', 'action': 'partial_parser', 'label': '62979f98-d331-4a8f-8f23-9a78e9b84ca7', 'context': [<snowplow_tracker.self_describing_json.SelfDescribingJson object at 0x000001CF52DEF990>]}
[0m04:35:04.250773 [error] [MainThread]: [[31mERROR[0m]: Encountered an error:
Compilation Error in model stg_customers (models\staging\stg_customers.sql)
  source() takes exactly two arguments (1 given)
[0m04:35:04.252771 [debug] [MainThread]: Command `dbt test` failed at 04:35:04.252771 after 7.64 seconds
[0m04:35:04.254772 [debug] [MainThread]: Sending event: {'category': 'dbt', 'action': 'invocation', 'label': 'end', 'context': [<snowplow_tracker.self_describing_json.SelfDescribingJson object at 0x000001CF4CF9EBD0>, <snowplow_tracker.self_describing_json.SelfDescribingJson object at 0x000001CF5EC01650>, <snowplow_tracker.self_describing_json.SelfDescribingJson object at 0x000001CF55202C90>]}
[0m04:35:04.255770 [debug] [MainThread]: Flushing usage events
[0m04:35:05.487537 [debug] [MainThread]: An error was encountered while trying to flush usage events
[0m04:35:30.801035 [debug] [MainThread]: Sending event: {'category': 'dbt', 'action': 'invocation', 'label': 'start', 'context': [<snowplow_tracker.self_describing_json.SelfDescribingJson object at 0x0000028BCC2218D0>, <snowplow_tracker.self_describing_json.SelfDescribingJson object at 0x0000028BCC221C50>, <snowplow_tracker.self_describing_json.SelfDescribingJson object at 0x0000028BCC221290>]}


============================== 04:35:30.807032 | 41b04819-2d1e-4039-80f0-3b585903af77 ==============================
[0m04:35:30.807032 [info ] [MainThread]: Running with dbt=1.12.3
[0m04:35:30.809035 [debug] [MainThread]: running dbt with arguments {'version_check': 'True', 'no_print': 'None', 'maximum_seed_size_mib': '1', 'warn_error_options': 'WarnErrorOptionsV2(error=[], warn=[], silence=[])', 'target_path': 'None', 'static_parser': 'True', 'printer_width': '80', 'write_json': 'True', 'empty': 'None', 'log_cache_events': 'False', 'introspect': 'True', 'cache_selected_only': 'False', 'log_format': 'default', 'debug': 'False', 'fail_fast': 'False', 'partial_parse': 'True', 'send_anonymous_usage_stats': 'True', 'quiet': 'False', 'warn_error': 'None', 'profiles_dir': 'C:\\Users\\Bamidele\\.dbt', 'invocation_command': 'dbt test --select stg_customers', 'hints_enabled': 'True', 'use_colors': 'True', 'use_experimental_parser': 'False', 'indirect_selection': 'eager', 'log_path': 'C:\\Users\\Bamidele\\Documents\\manufact\\manufact-dbt\\qntproj\\logs'}
[0m04:35:33.472063 [debug] [MainThread]: Sending event: {'category': 'dbt', 'action': 'project_id', 'label': '41b04819-2d1e-4039-80f0-3b585903af77', 'context': [<snowplow_tracker.self_describing_json.SelfDescribingJson object at 0x0000028BCC246C10>]}
[0m04:35:33.613066 [debug] [MainThread]: Sending event: {'category': 'dbt', 'action': 'adapter_info', 'label': '41b04819-2d1e-4039-80f0-3b585903af77', 'context': [<snowplow_tracker.self_describing_json.SelfDescribingJson object at 0x0000028BC9DC8FD0>]}
[0m04:35:33.616068 [info ] [MainThread]: Registered adapter: bigquery=1.12.0
[0m04:35:34.503883 [debug] [MainThread]: checksum: d860646ec4cb4da1117743516a819ec583c41076b3390034a3c79bc1e260c204, vars: {}, profile: qntproj, target: dev, version: 1.12.3
[0m04:35:34.672885 [info ] [MainThread]: Unable to do partial parsing because a project config has changed
[0m04:35:34.673887 [debug] [MainThread]: Sending event: {'category': 'dbt', 'action': 'partial_parser', 'label': '41b04819-2d1e-4039-80f0-3b585903af77', 'context': [<snowplow_tracker.self_describing_json.SelfDescribingJson object at 0x0000028BCA796810>]}
[0m04:35:39.096055 [warn ] [MainThread]: [[33mWARNING[0m]: Did not find matching node for patch with name 'customers' in the 'models' section of file 'models\staging\schema.yml'
[0m04:35:39.424735 [error] [MainThread]: [[31mERROR[0m]: Encountered an error:
Compilation Error
  Model 'model.qntproj.stg_customers' (models\staging\stg_customers.sql) depends on a source named 'source.customers' which was not found
[0m04:35:39.427739 [debug] [MainThread]: Command `dbt test` failed at 04:35:39.427739 after 8.78 seconds
[0m04:35:39.429738 [debug] [MainThread]: Sending event: {'category': 'dbt', 'action': 'invocation', 'label': 'end', 'context': [<snowplow_tracker.self_describing_json.SelfDescribingJson object at 0x0000028BCC217C90>, <snowplow_tracker.self_describing_json.SelfDescribingJson object at 0x0000028BCC215B90>, <snowplow_tracker.self_describing_json.SelfDescribingJson object at 0x0000028BD5FC4A10>]}
[0m04:35:39.430736 [debug] [MainThread]: Flushing usage events
[0m04:35:40.532497 [debug] [MainThread]: An error was encountered while trying to flush usage events
[0m18:04:47.255476 [debug] [MainThread]: Sending event: {'category': 'dbt', 'action': 'invocation', 'label': 'start', 'context': [<snowplow_tracker.self_describing_json.SelfDescribingJson object at 0x000001F909408850>, <snowplow_tracker.self_describing_json.SelfDescribingJson object at 0x000001F9094164D0>, <snowplow_tracker.self_describing_json.SelfDescribingJson object at 0x000001F909414AD0>]}


============================== 18:04:47.269476 | 36194806-6c64-4137-bf6c-64ba1b58a760 ==============================
[0m18:04:47.269476 [info ] [MainThread]: Running with dbt=1.12.3
[0m18:04:47.272477 [debug] [MainThread]: running dbt with arguments {'static_parser': 'True', 'no_print': 'None', 'version_check': 'True', 'warn_error_options': 'WarnErrorOptionsV2(error=[], warn=[], silence=[])', 'target_path': 'None', 'maximum_seed_size_mib': '1', 'printer_width': '80', 'write_json': 'True', 'introspect': 'True', 'log_cache_events': 'False', 'empty': 'None', 'cache_selected_only': 'False', 'log_format': 'default', 'debug': 'False', 'fail_fast': 'False', 'partial_parse': 'True', 'send_anonymous_usage_stats': 'True', 'quiet': 'False', 'warn_error': 'None', 'profiles_dir': 'C:\\Users\\Bamidele\\.dbt', 'invocation_command': 'dbt ', 'hints_enabled': 'True', 'use_colors': 'True', 'use_experimental_parser': 'False', 'indirect_selection': 'eager', 'log_path': 'c:\\Users\\Bamidele\\Documents\\manufact\\manufact-dbt\\qntproj\\logs'}
[0m18:04:48.296675 [debug] [MainThread]: Sending event: {'category': 'dbt', 'action': 'project_id', 'label': '36194806-6c64-4137-bf6c-64ba1b58a760', 'context': [<snowplow_tracker.self_describing_json.SelfDescribingJson object at 0x000001F9079D4A10>]}
[0m18:04:48.395697 [info ] [MainThread]: Warning: No packages were found in packages.yml
[0m18:04:48.401960 [info ] [MainThread]: Warning: No packages were found in packages.yml
[0m18:04:48.406022 [debug] [MainThread]: Command `cli deps` succeeded at 18:04:48.405487 after 1.67 seconds
[0m18:04:48.408134 [debug] [MainThread]: Sending event: {'category': 'dbt', 'action': 'invocation', 'label': 'end', 'context': [<snowplow_tracker.self_describing_json.SelfDescribingJson object at 0x000001F909400910>, <snowplow_tracker.self_describing_json.SelfDescribingJson object at 0x000001F909408110>, <snowplow_tracker.self_describing_json.SelfDescribingJson object at 0x000001F90932AE90>]}
[0m18:04:48.411431 [debug] [MainThread]: Flushing usage events
[0m18:04:49.419334 [debug] [MainThread]: An error was encountered while trying to flush usage events
[0m19:32:56.988330 [debug] [MainThread]: Sending event: {'category': 'dbt', 'action': 'invocation', 'label': 'start', 'context': [<snowplow_tracker.self_describing_json.SelfDescribingJson object at 0x000002574F072C90>, <snowplow_tracker.self_describing_json.SelfDescribingJson object at 0x000002574F070D10>, <snowplow_tracker.self_describing_json.SelfDescribingJson object at 0x000002574F072550>]}


============================== 19:32:56.998330 | 370dbd7c-ecdc-4282-9dbf-67eeb69f4e44 ==============================
[0m19:32:56.998330 [info ] [MainThread]: Running with dbt=1.12.3
[0m19:32:57.000331 [debug] [MainThread]: running dbt with arguments {'maximum_seed_size_mib': '1', 'no_print': 'None', 'version_check': 'True', 'target_path': 'None', 'warn_error_options': 'WarnErrorOptionsV2(error=[], warn=[], silence=[])', 'static_parser': 'True', 'printer_width': '80', 'write_json': 'True', 'empty': 'None', 'log_cache_events': 'False', 'introspect': 'True', 'cache_selected_only': 'False', 'log_format': 'default', 'debug': 'False', 'fail_fast': 'False', 'partial_parse': 'True', 'send_anonymous_usage_stats': 'True', 'quiet': 'False', 'warn_error': 'None', 'profiles_dir': 'C:\\Users\\Bamidele\\.dbt', 'indirect_selection': 'eager', 'hints_enabled': 'True', 'invocation_command': 'dbt test --select stg_customers', 'use_experimental_parser': 'False', 'use_colors': 'True', 'log_path': 'C:\\Users\\Bamidele\\Documents\\manufact\\manufact-dbt\\qntproj\\logs'}
[0m19:33:02.238966 [debug] [MainThread]: Sending event: {'category': 'dbt', 'action': 'project_id', 'label': '370dbd7c-ecdc-4282-9dbf-67eeb69f4e44', 'context': [<snowplow_tracker.self_describing_json.SelfDescribingJson object at 0x000002575874DE50>]}
[0m19:33:02.522960 [debug] [MainThread]: Sending event: {'category': 'dbt', 'action': 'adapter_info', 'label': '370dbd7c-ecdc-4282-9dbf-67eeb69f4e44', 'context': [<snowplow_tracker.self_describing_json.SelfDescribingJson object at 0x000002574CC1CD90>]}
[0m19:33:02.526964 [info ] [MainThread]: Registered adapter: bigquery=1.12.0
[0m19:33:06.403727 [debug] [MainThread]: checksum: d860646ec4cb4da1117743516a819ec583c41076b3390034a3c79bc1e260c204, vars: {}, profile: qntproj, target: dev, version: 1.12.3
[0m19:33:07.102978 [info ] [MainThread]: Unable to do partial parsing because a project config has changed
[0m19:33:07.106159 [debug] [MainThread]: Sending event: {'category': 'dbt', 'action': 'partial_parser', 'label': '370dbd7c-ecdc-4282-9dbf-67eeb69f4e44', 'context': [<snowplow_tracker.self_describing_json.SelfDescribingJson object at 0x000002574CB969D0>]}
[0m19:33:12.968461 [warn ] [MainThread]: [[33mWARNING[0m]: Did not find matching node for patch with name 'customers' in the 'models' section of file 'models\staging\schema.yml'
[0m19:33:13.383459 [error] [MainThread]: [[31mERROR[0m]: Encountered an error:
Compilation Error
  Model 'model.qntproj.stg_customers' (models\staging\stg_customers.sql) depends on a source named 'raw.customers' which was not found
[0m19:33:13.386459 [debug] [MainThread]: Command `dbt test` failed at 19:33:13.386459 after 16.69 seconds
[0m19:33:13.388459 [debug] [MainThread]: Sending event: {'category': 'dbt', 'action': 'invocation', 'label': 'end', 'context': [<snowplow_tracker.self_describing_json.SelfDescribingJson object at 0x000002574F0665D0>, <snowplow_tracker.self_describing_json.SelfDescribingJson object at 0x0000025759FB0090>, <snowplow_tracker.self_describing_json.SelfDescribingJson object at 0x0000025759FD7D50>]}
[0m19:33:13.390462 [debug] [MainThread]: Flushing usage events
[0m19:33:22.371239 [debug] [MainThread]: An error was encountered while trying to flush usage events
[0m19:34:08.686704 [debug] [MainThread]: Sending event: {'category': 'dbt', 'action': 'invocation', 'label': 'start', 'context': [<snowplow_tracker.self_describing_json.SelfDescribingJson object at 0x000002A2EB043ED0>, <snowplow_tracker.self_describing_json.SelfDescribingJson object at 0x000002A2EB0404D0>, <snowplow_tracker.self_describing_json.SelfDescribingJson object at 0x000002A2EB041DD0>]}


============================== 19:34:08.699700 | 4d25635c-77ed-4a87-a43e-95eaea0100ad ==============================
[0m19:34:08.699700 [info ] [MainThread]: Running with dbt=1.12.3
[0m19:34:08.702702 [debug] [MainThread]: running dbt with arguments {'version_check': 'True', 'no_print': 'None', 'maximum_seed_size_mib': '1', 'warn_error_options': 'WarnErrorOptionsV2(error=[], warn=[], silence=[])', 'target_path': 'None', 'static_parser': 'True', 'printer_width': '80', 'write_json': 'True', 'empty': 'None', 'log_cache_events': 'False', 'introspect': 'True', 'cache_selected_only': 'False', 'log_format': 'default', 'debug': 'False', 'fail_fast': 'False', 'partial_parse': 'True', 'send_anonymous_usage_stats': 'True', 'quiet': 'False', 'warn_error': 'None', 'profiles_dir': 'C:\\Users\\Bamidele\\.dbt', 'use_colors': 'True', 'hints_enabled': 'True', 'invocation_command': 'dbt test --select stg_customers', 'use_experimental_parser': 'False', 'indirect_selection': 'eager', 'log_path': 'C:\\Users\\Bamidele\\Documents\\manufact\\manufact-dbt\\qntproj\\logs'}
[0m19:34:16.814590 [debug] [MainThread]: Sending event: {'category': 'dbt', 'action': 'project_id', 'label': '4d25635c-77ed-4a87-a43e-95eaea0100ad', 'context': [<snowplow_tracker.self_describing_json.SelfDescribingJson object at 0x000002A2F39CB5D0>]}
[0m19:34:17.034519 [debug] [MainThread]: Sending event: {'category': 'dbt', 'action': 'adapter_info', 'label': '4d25635c-77ed-4a87-a43e-95eaea0100ad', 'context': [<snowplow_tracker.self_describing_json.SelfDescribingJson object at 0x000002A2E8BF0CD0>]}
[0m19:34:17.038422 [info ] [MainThread]: Registered adapter: bigquery=1.12.0
[0m19:34:18.950443 [debug] [MainThread]: checksum: d860646ec4cb4da1117743516a819ec583c41076b3390034a3c79bc1e260c204, vars: {}, profile: qntproj, target: dev, version: 1.12.3
[0m19:34:19.240445 [info ] [MainThread]: Unable to do partial parsing because a project config has changed
[0m19:34:19.243455 [debug] [MainThread]: Sending event: {'category': 'dbt', 'action': 'partial_parser', 'label': '4d25635c-77ed-4a87-a43e-95eaea0100ad', 'context': [<snowplow_tracker.self_describing_json.SelfDescribingJson object at 0x000002A2E8B66890>]}
[0m19:34:24.395350 [error] [MainThread]: [[31mERROR[0m]: Encountered an error:
Compilation Error in model stg_customers (models\staging\stg_customers.sql)
  source() takes exactly two arguments (1 given)
[0m19:34:24.401347 [debug] [MainThread]: Command `dbt test` failed at 19:34:24.399348 after 16.08 seconds
[0m19:34:24.404352 [debug] [MainThread]: Sending event: {'category': 'dbt', 'action': 'invocation', 'label': 'end', 'context': [<snowplow_tracker.self_describing_json.SelfDescribingJson object at 0x000002A2EB041FD0>, <snowplow_tracker.self_describing_json.SelfDescribingJson object at 0x000002A2F5D48090>, <snowplow_tracker.self_describing_json.SelfDescribingJson object at 0x000002A2EB040410>]}
[0m19:34:24.407349 [debug] [MainThread]: Flushing usage events
[0m19:34:30.991071 [debug] [MainThread]: An error was encountered while trying to flush usage events
[0m19:37:35.596943 [debug] [MainThread]: Sending event: {'category': 'dbt', 'action': 'invocation', 'label': 'start', 'context': [<snowplow_tracker.self_describing_json.SelfDescribingJson object at 0x00000283B2F42290>, <snowplow_tracker.self_describing_json.SelfDescribingJson object at 0x00000283B2F40510>, <snowplow_tracker.self_describing_json.SelfDescribingJson object at 0x00000283B2F414D0>]}


============================== 19:37:35.611950 | baf7ff95-8b73-4c6d-8924-d53a12330025 ==============================
[0m19:37:35.611950 [info ] [MainThread]: Running with dbt=1.12.3
[0m19:37:35.615945 [debug] [MainThread]: running dbt with arguments {'version_check': 'True', 'no_print': 'None', 'maximum_seed_size_mib': '1', 'warn_error_options': 'WarnErrorOptionsV2(error=[], warn=[], silence=[])', 'target_path': 'None', 'static_parser': 'True', 'printer_width': '80', 'write_json': 'True', 'introspect': 'True', 'log_cache_events': 'False', 'empty': 'None', 'cache_selected_only': 'False', 'log_format': 'default', 'debug': 'False', 'fail_fast': 'False', 'partial_parse': 'True', 'send_anonymous_usage_stats': 'True', 'quiet': 'False', 'warn_error': 'None', 'profiles_dir': 'C:\\Users\\Bamidele\\.dbt', 'invocation_command': 'dbt test --select stg_customers', 'hints_enabled': 'True', 'indirect_selection': 'eager', 'use_experimental_parser': 'False', 'use_colors': 'True', 'log_path': 'C:\\Users\\Bamidele\\Documents\\manufact\\manufact-dbt\\qntproj\\logs'}
[0m19:37:39.591160 [debug] [MainThread]: Sending event: {'category': 'dbt', 'action': 'project_id', 'label': 'baf7ff95-8b73-4c6d-8924-d53a12330025', 'context': [<snowplow_tracker.self_describing_json.SelfDescribingJson object at 0x00000283BC50DE50>]}
[0m19:37:39.758145 [debug] [MainThread]: Sending event: {'category': 'dbt', 'action': 'adapter_info', 'label': 'baf7ff95-8b73-4c6d-8924-d53a12330025', 'context': [<snowplow_tracker.self_describing_json.SelfDescribingJson object at 0x00000283B0AECD10>]}
[0m19:37:39.760149 [info ] [MainThread]: Registered adapter: bigquery=1.12.0
[0m19:37:41.029825 [debug] [MainThread]: checksum: d860646ec4cb4da1117743516a819ec583c41076b3390034a3c79bc1e260c204, vars: {}, profile: qntproj, target: dev, version: 1.12.3
[0m19:37:41.337177 [info ] [MainThread]: Unable to do partial parsing because a project config has changed
[0m19:37:41.339169 [debug] [MainThread]: Sending event: {'category': 'dbt', 'action': 'partial_parser', 'label': 'baf7ff95-8b73-4c6d-8924-d53a12330025', 'context': [<snowplow_tracker.self_describing_json.SelfDescribingJson object at 0x00000283BCB40ED0>]}
[0m19:37:47.281126 [error] [MainThread]: [[31mERROR[0m]: Encountered an error:
Compilation Error in model stg_customers (models\staging\stg_customers.sql)
  source() takes exactly two arguments (1 given)
[0m19:37:47.288096 [debug] [MainThread]: Command `dbt test` failed at 19:37:47.287100 after 12.10 seconds
[0m19:37:47.292098 [debug] [MainThread]: Sending event: {'category': 'dbt', 'action': 'invocation', 'label': 'end', 'context': [<snowplow_tracker.self_describing_json.SelfDescribingJson object at 0x00000283B2F35BD0>, <snowplow_tracker.self_describing_json.SelfDescribingJson object at 0x00000283B2F36C90>, <snowplow_tracker.self_describing_json.SelfDescribingJson object at 0x00000283BC5CC110>]}
[0m19:37:47.294099 [debug] [MainThread]: Flushing usage events
[0m19:37:52.920823 [debug] [MainThread]: An error was encountered while trying to flush usage events
[0m10:51:09.692813 [debug] [MainThread]: Sending event: {'category': 'dbt', 'action': 'invocation', 'label': 'start', 'context': [<snowplow_tracker.self_describing_json.SelfDescribingJson object at 0x0000021053051850>, <snowplow_tracker.self_describing_json.SelfDescribingJson object at 0x00000210547FB690>, <snowplow_tracker.self_describing_json.SelfDescribingJson object at 0x0000021054817F50>]}


============================== 10:51:09.705994 | 25361c08-de6a-49d9-9e01-189db59d67ce ==============================
[0m10:51:09.705994 [info ] [MainThread]: Running with dbt=1.12.3
[0m10:51:09.710232 [debug] [MainThread]: running dbt with arguments {'static_parser': 'True', 'no_print': 'None', 'maximum_seed_size_mib': '1', 'warn_error_options': 'WarnErrorOptionsV2(error=[], warn=[], silence=[])', 'target_path': 'None', 'version_check': 'True', 'printer_width': '80', 'write_json': 'True', 'introspect': 'True', 'log_cache_events': 'False', 'empty': 'None', 'cache_selected_only': 'False', 'log_format': 'default', 'debug': 'False', 'fail_fast': 'False', 'profiles_dir': 'C:\\Users\\Bamidele\\Documents\\manufact\\manufact-dbt\\qntproj', 'send_anonymous_usage_stats': 'True', 'quiet': 'False', 'warn_error': 'None', 'partial_parse': 'True', 'use_colors': 'True', 'hints_enabled': 'True', 'invocation_command': 'dbt test --select stg_customers', 'use_experimental_parser': 'False', 'indirect_selection': 'eager', 'log_path': 'C:\\Users\\Bamidele\\Documents\\manufact\\manufact-dbt\\qntproj\\logs'}
[0m10:51:09.720231 [error] [MainThread]: [[31mERROR[0m]: Encountered an error:
Runtime Error
  Could not find profile named 'qntproj'
[0m10:51:09.728233 [debug] [MainThread]: Command `dbt test` failed at 10:51:09.727234 after 0.81 seconds
[0m10:51:09.730234 [debug] [MainThread]: Sending event: {'category': 'dbt', 'action': 'invocation', 'label': 'end', 'context': [<snowplow_tracker.self_describing_json.SelfDescribingJson object at 0x0000021054731E10>, <snowplow_tracker.self_describing_json.SelfDescribingJson object at 0x0000021054732250>, <snowplow_tracker.self_describing_json.SelfDescribingJson object at 0x0000021054663150>]}
[0m10:51:09.732233 [debug] [MainThread]: Flushing usage events
[0m10:51:11.033401 [debug] [MainThread]: An error was encountered while trying to flush usage events
[0m11:07:13.458595 [debug] [MainThread]: Sending event: {'category': 'dbt', 'action': 'invocation', 'label': 'start', 'context': [<snowplow_tracker.self_describing_json.SelfDescribingJson object at 0x0000018032822090>, <snowplow_tracker.self_describing_json.SelfDescribingJson object at 0x0000018032822750>, <snowplow_tracker.self_describing_json.SelfDescribingJson object at 0x00000180328232D0>]}


============================== 11:07:13.470597 | 7404c71c-6d66-428f-b9ec-eb7df5dd1944 ==============================
[0m11:07:13.470597 [info ] [MainThread]: Running with dbt=1.12.3
[0m11:07:13.474143 [debug] [MainThread]: running dbt with arguments {'version_check': 'True', 'no_print': 'None', 'maximum_seed_size_mib': '1', 'target_path': 'None', 'static_parser': 'True', 'warn_error_options': 'WarnErrorOptionsV2(error=[], warn=[], silence=[])', 'printer_width': '80', 'write_json': 'True', 'introspect': 'True', 'log_cache_events': 'False', 'empty': 'None', 'cache_selected_only': 'False', 'fail_fast': 'False', 'debug': 'False', 'log_format': 'default', 'partial_parse': 'True', 'send_anonymous_usage_stats': 'True', 'quiet': 'False', 'warn_error': 'None', 'profiles_dir': 'C:\\Users\\Bamidele\\Documents\\manufact\\manufact-dbt\\qntproj', 'invocation_command': 'dbt test --select stg_customers', 'hints_enabled': 'True', 'use_colors': 'True', 'use_experimental_parser': 'False', 'indirect_selection': 'eager', 'log_path': 'C:\\Users\\Bamidele\\Documents\\manufact\\manufact-dbt\\qntproj\\logs'}
[0m11:07:13.481121 [error] [MainThread]: [[31mERROR[0m]: Encountered an error:
Runtime Error
  The profile 'qntproj' does not have a target named 'dev'. The valid target names for this profile are:
   - bigquery_dev
[0m11:07:13.484126 [debug] [MainThread]: Command `dbt test` failed at 11:07:13.483125 after 0.24 seconds
[0m11:07:13.486126 [debug] [MainThread]: Sending event: {'category': 'dbt', 'action': 'invocation', 'label': 'end', 'context': [<snowplow_tracker.self_describing_json.SelfDescribingJson object at 0x000001802A61E9D0>, <snowplow_tracker.self_describing_json.SelfDescribingJson object at 0x000001803281B0D0>, <snowplow_tracker.self_describing_json.SelfDescribingJson object at 0x000001803281A290>]}
[0m11:07:13.489129 [debug] [MainThread]: Flushing usage events
[0m11:07:14.816511 [debug] [MainThread]: An error was encountered while trying to flush usage events
[0m11:12:08.048226 [debug] [MainThread]: Sending event: {'category': 'dbt', 'action': 'invocation', 'label': 'start', 'context': [<snowplow_tracker.self_describing_json.SelfDescribingJson object at 0x000001B1ACD18850>, <snowplow_tracker.self_describing_json.SelfDescribingJson object at 0x000001B1ACCEA550>, <snowplow_tracker.self_describing_json.SelfDescribingJson object at 0x000001B1ACD37E50>]}


============================== 11:12:08.059309 | a767f064-a183-4571-b265-5bb639fcba9d ==============================
[0m11:12:08.059309 [info ] [MainThread]: Running with dbt=1.12.3
[0m11:12:08.061317 [debug] [MainThread]: running dbt with arguments {'maximum_seed_size_mib': '1', 'no_print': 'None', 'static_parser': 'True', 'warn_error_options': 'WarnErrorOptionsV2(error=[], warn=[], silence=[])', 'target_path': 'None', 'version_check': 'True', 'printer_width': '80', 'write_json': 'True', 'empty': 'None', 'log_cache_events': 'False', 'introspect': 'True', 'cache_selected_only': 'False', 'fail_fast': 'False', 'debug': 'False', 'log_format': 'default', 'profiles_dir': 'C:\\Users\\Bamidele\\Documents\\manufact\\manufact-dbt\\qntproj', 'send_anonymous_usage_stats': 'True', 'quiet': 'False', 'warn_error': 'None', 'partial_parse': 'True', 'indirect_selection': 'eager', 'hints_enabled': 'True', 'invocation_command': 'dbt test --select stg_customers', 'use_experimental_parser': 'False', 'use_colors': 'True', 'log_path': 'C:\\Users\\Bamidele\\Documents\\manufact\\manufact-dbt\\qntproj\\logs'}
[0m11:12:08.071803 [error] [MainThread]: [[31mERROR[0m]: Encountered an error:
Runtime Error
  The profile 'qntproj' does not have a target named 'main'. The valid target names for this profile are:
   - bigquery_dev
[0m11:12:08.075777 [debug] [MainThread]: Command `dbt test` failed at 11:12:08.075777 after 0.42 seconds
[0m11:12:08.077778 [debug] [MainThread]: Sending event: {'category': 'dbt', 'action': 'invocation', 'label': 'end', 'context': [<snowplow_tracker.self_describing_json.SelfDescribingJson object at 0x000001B1ACC53010>, <snowplow_tracker.self_describing_json.SelfDescribingJson object at 0x000001B1ACC527D0>, <snowplow_tracker.self_describing_json.SelfDescribingJson object at 0x000001B1ACC4B350>]}
[0m11:12:08.079334 [debug] [MainThread]: Flushing usage events
[0m11:12:09.030053 [debug] [MainThread]: An error was encountered while trying to flush usage events
[0m11:12:39.958642 [debug] [MainThread]: Sending event: {'category': 'dbt', 'action': 'invocation', 'label': 'start', 'context': [<snowplow_tracker.self_describing_json.SelfDescribingJson object at 0x000002375C287250>, <snowplow_tracker.self_describing_json.SelfDescribingJson object at 0x000002375C287790>, <snowplow_tracker.self_describing_json.SelfDescribingJson object at 0x000002375C287750>]}


============================== 11:12:39.969750 | 7cb1ae07-0ef9-489c-b6e3-457beee94688 ==============================
[0m11:12:39.969750 [info ] [MainThread]: Running with dbt=1.12.3
[0m11:12:39.972750 [debug] [MainThread]: running dbt with arguments {'maximum_seed_size_mib': '1', 'no_print': 'None', 'static_parser': 'True', 'target_path': 'None', 'version_check': 'True', 'warn_error_options': 'WarnErrorOptionsV2(error=[], warn=[], silence=[])', 'printer_width': '80', 'write_json': 'True', 'empty': 'None', 'log_cache_events': 'False', 'introspect': 'True', 'cache_selected_only': 'False', 'log_format': 'default', 'debug': 'False', 'fail_fast': 'False', 'partial_parse': 'True', 'send_anonymous_usage_stats': 'True', 'quiet': 'False', 'warn_error': 'None', 'profiles_dir': 'C:\\Users\\Bamidele\\Documents\\manufact\\manufact-dbt\\qntproj', 'indirect_selection': 'eager', 'hints_enabled': 'True', 'use_colors': 'True', 'use_experimental_parser': 'False', 'invocation_command': 'dbt test --select stg_customers', 'log_path': 'C:\\Users\\Bamidele\\Documents\\manufact\\manufact-dbt\\qntproj\\logs'}
[0m11:12:39.981870 [info ] [MainThread]: target not specified in profile 'qntproj', using 'default'
[0m11:12:39.987886 [error] [MainThread]: [[31mERROR[0m]: Encountered an error:
Runtime Error
  The profile 'qntproj' does not have a target named 'default'. The valid target names for this profile are:
   - bigquery_dev
[0m11:12:39.998882 [debug] [MainThread]: Command `dbt test` failed at 11:12:39.997884 after 0.43 seconds
[0m11:12:40.000887 [debug] [MainThread]: Sending event: {'category': 'dbt', 'action': 'invocation', 'label': 'end', 'context': [<snowplow_tracker.self_describing_json.SelfDescribingJson object at 0x0000023753F6E9D0>, <snowplow_tracker.self_describing_json.SelfDescribingJson object at 0x000002375C286FD0>, <snowplow_tracker.self_describing_json.SelfDescribingJson object at 0x000002375C19A450>]}
[0m11:12:40.005887 [debug] [MainThread]: Flushing usage events
[0m11:12:40.902178 [debug] [MainThread]: An error was encountered while trying to flush usage events
[0m11:27:49.164062 [debug] [MainThread]: Sending event: {'category': 'dbt', 'action': 'invocation', 'label': 'start', 'context': [<snowplow_tracker.self_describing_json.SelfDescribingJson object at 0x000001F8E671B5D0>, <snowplow_tracker.self_describing_json.SelfDescribingJson object at 0x000001F8EB472910>, <snowplow_tracker.self_describing_json.SelfDescribingJson object at 0x000001F8EB472790>]}


============================== 11:27:49.178114 | 59ec8dec-4195-42b8-a4b7-87085a773af4 ==============================
[0m11:27:49.178114 [info ] [MainThread]: Running with dbt=1.12.3
[0m11:27:49.196116 [debug] [MainThread]: running dbt with arguments {'static_parser': 'True', 'no_print': 'None', 'maximum_seed_size_mib': '1', 'target_path': 'None', 'warn_error_options': 'WarnErrorOptionsV2(error=[], warn=[], silence=[])', 'version_check': 'True', 'printer_width': '80', 'write_json': 'True', 'introspect': 'True', 'log_cache_events': 'False', 'empty': 'None', 'cache_selected_only': 'False', 'log_format': 'default', 'debug': 'False', 'fail_fast': 'False', 'profiles_dir': 'C:\\Users\\Bamidele\\Documents\\manufact\\manufact-dbt\\qntproj', 'send_anonymous_usage_stats': 'True', 'quiet': 'False', 'warn_error': 'None', 'partial_parse': 'True', 'invocation_command': 'dbt test --select stg_customers', 'hints_enabled': 'True', 'use_colors': 'True', 'use_experimental_parser': 'False', 'indirect_selection': 'eager', 'log_path': 'C:\\Users\\Bamidele\\Documents\\manufact\\manufact-dbt\\qntproj\\logs'}
[0m11:27:49.216220 [error] [MainThread]: [[31mERROR[0m]: Encountered an error:
Runtime Error
  Compilation Error
    Could not render ${{ secrets.PROJECT_ID}}: 'secrets' is undefined
[0m11:27:49.297916 [debug] [MainThread]: Command `dbt test` failed at 11:27:49.296917 after 2.08 seconds
[0m11:27:49.299915 [debug] [MainThread]: Sending event: {'category': 'dbt', 'action': 'invocation', 'label': 'end', 'context': [<snowplow_tracker.self_describing_json.SelfDescribingJson object at 0x000001F8E321E9D0>, <snowplow_tracker.self_describing_json.SelfDescribingJson object at 0x000001F8EB3B6450>, <snowplow_tracker.self_describing_json.SelfDescribingJson object at 0x000001F8EB3C6590>]}
[0m11:27:49.302913 [debug] [MainThread]: Flushing usage events
[0m11:27:50.773368 [debug] [MainThread]: An error was encountered while trying to flush usage events
[0m11:30:24.641703 [debug] [MainThread]: Sending event: {'category': 'dbt', 'action': 'invocation', 'label': 'start', 'context': [<snowplow_tracker.self_describing_json.SelfDescribingJson object at 0x000002CB50778290>, <snowplow_tracker.self_describing_json.SelfDescribingJson object at 0x000002CB5073A210>, <snowplow_tracker.self_describing_json.SelfDescribingJson object at 0x000002CB506A2810>]}


============================== 11:30:24.654706 | b9c8917f-c0f9-464b-854c-807e50d93b34 ==============================
[0m11:30:24.654706 [info ] [MainThread]: Running with dbt=1.12.3
[0m11:30:24.657706 [debug] [MainThread]: running dbt with arguments {'maximum_seed_size_mib': '1', 'no_print': 'None', 'version_check': 'True', 'target_path': 'None', 'static_parser': 'True', 'warn_error_options': 'WarnErrorOptionsV2(error=[], warn=[], silence=[])', 'printer_width': '80', 'write_json': 'True', 'empty': 'None', 'log_cache_events': 'False', 'introspect': 'True', 'cache_selected_only': 'False', 'log_format': 'default', 'debug': 'False', 'fail_fast': 'False', 'profiles_dir': 'C:\\Users\\Bamidele\\Documents\\manufact\\manufact-dbt\\qntproj', 'send_anonymous_usage_stats': 'True', 'quiet': 'False', 'warn_error': 'None', 'partial_parse': 'True', 'invocation_command': 'dbt test --select stg_customers', 'hints_enabled': 'True', 'indirect_selection': 'eager', 'use_experimental_parser': 'False', 'use_colors': 'True', 'log_path': 'C:\\Users\\Bamidele\\Documents\\manufact\\manufact-dbt\\qntproj\\logs'}
[0m11:30:42.968080 [debug] [MainThread]: Sending event: {'category': 'dbt', 'action': 'project_id', 'label': 'b9c8917f-c0f9-464b-854c-807e50d93b34', 'context': [<snowplow_tracker.self_describing_json.SelfDescribingJson object at 0x000002CB50717E90>]}
[0m11:30:43.416526 [debug] [MainThread]: Sending event: {'category': 'dbt', 'action': 'adapter_info', 'label': 'b9c8917f-c0f9-464b-854c-807e50d93b34', 'context': [<snowplow_tracker.self_describing_json.SelfDescribingJson object at 0x000002CB4B965610>]}
[0m11:30:43.420529 [info ] [MainThread]: Registered adapter: bigquery=1.12.0
[0m11:30:47.597262 [debug] [MainThread]: checksum: ace6cc19d752b2eede857364603196a4b3b33bbc94fcfd5ac723aa93c3192327, vars: {}, profile: qntproj, target: bigquery_dev, version: 1.12.3
[0m11:30:48.334206 [info ] [MainThread]: Unable to do partial parsing because config vars, config profile, or config target have changed
[0m11:30:48.338772 [debug] [MainThread]: previous checksum: ace6cc19d752b2eede857364603196a4b3b33bbc94fcfd5ac723aa93c3192327, current checksum: d860646ec4cb4da1117743516a819ec583c41076b3390034a3c79bc1e260c204
[0m11:30:48.340769 [info ] [MainThread]: Unable to do partial parsing because profile has changed
[0m11:30:48.342770 [info ] [MainThread]: Unable to do partial parsing because a project config has changed
[0m11:30:48.348463 [debug] [MainThread]: Sending event: {'category': 'dbt', 'action': 'partial_parser', 'label': 'b9c8917f-c0f9-464b-854c-807e50d93b34', 'context': [<snowplow_tracker.self_describing_json.SelfDescribingJson object at 0x000002CB4EC82690>]}
[0m11:31:04.060126 [error] [MainThread]: [[31mERROR[0m]: Encountered an error:
Compilation Error in model stg_customers (models\staging\stg_customers.sql)
  source() takes exactly two arguments (1 given)
[0m11:31:04.074425 [debug] [MainThread]: Command `dbt test` failed at 11:31:04.073427 after 40.37 seconds
[0m11:31:04.076427 [debug] [MainThread]: Sending event: {'category': 'dbt', 'action': 'invocation', 'label': 'end', 'context': [<snowplow_tracker.self_describing_json.SelfDescribingJson object at 0x000002CB505E5B10>, <snowplow_tracker.self_describing_json.SelfDescribingJson object at 0x000002CB59CE1650>, <snowplow_tracker.self_describing_json.SelfDescribingJson object at 0x000002CB50706490>]}
[0m11:31:04.079427 [debug] [MainThread]: Flushing usage events
[0m11:31:05.404505 [debug] [MainThread]: An error was encountered while trying to flush usage events
[0m11:34:44.251204 [debug] [MainThread]: Sending event: {'category': 'dbt', 'action': 'invocation', 'label': 'start', 'context': [<snowplow_tracker.self_describing_json.SelfDescribingJson object at 0x0000020833F61850>, <snowplow_tracker.self_describing_json.SelfDescribingJson object at 0x0000020833E6F090>, <snowplow_tracker.self_describing_json.SelfDescribingJson object at 0x0000020835727650>]}


============================== 11:34:44.266205 | 3df11a13-0c7a-4271-92e1-b3c9fa1c38cf ==============================
[0m11:34:44.266205 [info ] [MainThread]: Running with dbt=1.12.3
[0m11:34:44.275612 [debug] [MainThread]: running dbt with arguments {'version_check': 'True', 'no_print': 'None', 'static_parser': 'True', 'target_path': 'None', 'warn_error_options': 'WarnErrorOptionsV2(error=[], warn=[], silence=[])', 'maximum_seed_size_mib': '1', 'printer_width': '80', 'write_json': 'True', 'empty': 'None', 'log_cache_events': 'False', 'introspect': 'True', 'cache_selected_only': 'False', 'fail_fast': 'False', 'debug': 'False', 'log_format': 'default', 'partial_parse': 'True', 'send_anonymous_usage_stats': 'True', 'quiet': 'False', 'warn_error': 'None', 'profiles_dir': 'C:\\Users\\Bamidele\\Documents\\manufact\\manufact-dbt\\qntproj', 'indirect_selection': 'eager', 'hints_enabled': 'True', 'use_colors': 'True', 'use_experimental_parser': 'False', 'invocation_command': 'dbt test --select stg_customers', 'log_path': 'C:\\Users\\Bamidele\\Documents\\manufact\\manufact-dbt\\qntproj\\logs'}
[0m11:34:54.455226 [debug] [MainThread]: Sending event: {'category': 'dbt', 'action': 'project_id', 'label': '3df11a13-0c7a-4271-92e1-b3c9fa1c38cf', 'context': [<snowplow_tracker.self_describing_json.SelfDescribingJson object at 0x000002083EB72150>]}
[0m11:34:54.904509 [debug] [MainThread]: Sending event: {'category': 'dbt', 'action': 'adapter_info', 'label': '3df11a13-0c7a-4271-92e1-b3c9fa1c38cf', 'context': [<snowplow_tracker.self_describing_json.SelfDescribingJson object at 0x00000208308F5250>]}
[0m11:34:54.908110 [info ] [MainThread]: Registered adapter: bigquery=1.12.0
[0m11:34:59.501745 [debug] [MainThread]: checksum: ace6cc19d752b2eede857364603196a4b3b33bbc94fcfd5ac723aa93c3192327, vars: {}, profile: qntproj, target: bigquery_dev, version: 1.12.3
[0m11:35:00.769578 [info ] [MainThread]: Unable to do partial parsing because config vars, config profile, or config target have changed
[0m11:35:00.822669 [debug] [MainThread]: previous checksum: ace6cc19d752b2eede857364603196a4b3b33bbc94fcfd5ac723aa93c3192327, current checksum: d860646ec4cb4da1117743516a819ec583c41076b3390034a3c79bc1e260c204
[0m11:35:00.853668 [info ] [MainThread]: Unable to do partial parsing because profile has changed
[0m11:35:00.946541 [info ] [MainThread]: Unable to do partial parsing because a project config has changed
[0m11:35:01.050712 [debug] [MainThread]: Sending event: {'category': 'dbt', 'action': 'partial_parser', 'label': '3df11a13-0c7a-4271-92e1-b3c9fa1c38cf', 'context': [<snowplow_tracker.self_describing_json.SelfDescribingJson object at 0x0000020833C2A750>]}
[0m11:35:14.545975 [warn ] [MainThread]: [[33mWARNING[0m]: Did not find matching node for patch with name 'customers' in the 'models' section of file 'models\staging\schema.yml'
[0m11:35:15.786279 [error] [MainThread]: [[31mERROR[0m]: Encountered an error:
Compilation Error
  Model 'model.qntproj.stg_customers' (models\staging\stg_customers.sql) depends on a source named 'staging.customers' which was not found
[0m11:35:15.834890 [debug] [MainThread]: Command `dbt test` failed at 11:35:15.834890 after 32.57 seconds
[0m11:35:15.837934 [debug] [MainThread]: Sending event: {'category': 'dbt', 'action': 'invocation', 'label': 'end', 'context': [<snowplow_tracker.self_describing_json.SelfDescribingJson object at 0x0000020835640B90>, <snowplow_tracker.self_describing_json.SelfDescribingJson object at 0x0000020835642510>, <snowplow_tracker.self_describing_json.SelfDescribingJson object at 0x000002083F207650>]}
[0m11:35:15.884535 [debug] [MainThread]: Flushing usage events
[0m11:35:17.385954 [debug] [MainThread]: An error was encountered while trying to flush usage events
[0m11:47:17.647149 [debug] [MainThread]: Sending event: {'category': 'dbt', 'action': 'invocation', 'label': 'start', 'context': [<snowplow_tracker.self_describing_json.SelfDescribingJson object at 0x0000023D77861DD0>, <snowplow_tracker.self_describing_json.SelfDescribingJson object at 0x0000023D777A6690>, <snowplow_tracker.self_describing_json.SelfDescribingJson object at 0x0000023D77947E50>]}


============================== 11:47:17.660148 | 7fb96bec-668a-4666-aa25-5dfe6660e694 ==============================
[0m11:47:17.660148 [info ] [MainThread]: Running with dbt=1.12.3
[0m11:47:17.676315 [debug] [MainThread]: running dbt with arguments {'maximum_seed_size_mib': '1', 'no_print': 'None', 'static_parser': 'True', 'warn_error_options': 'WarnErrorOptionsV2(error=[], warn=[], silence=[])', 'version_check': 'True', 'target_path': 'None', 'printer_width': '80', 'write_json': 'True', 'empty': 'None', 'log_cache_events': 'False', 'introspect': 'True', 'cache_selected_only': 'False', 'fail_fast': 'False', 'debug': 'False', 'log_format': 'default', 'partial_parse': 'True', 'send_anonymous_usage_stats': 'True', 'quiet': 'False', 'warn_error': 'None', 'profiles_dir': 'C:\\Users\\Bamidele\\Documents\\manufact\\manufact-dbt\\qntproj', 'indirect_selection': 'eager', 'hints_enabled': 'True', 'use_colors': 'True', 'use_experimental_parser': 'False', 'invocation_command': 'dbt test --select stg_customers', 'log_path': 'C:\\Users\\Bamidele\\Documents\\manufact\\manufact-dbt\\qntproj\\logs'}
[0m11:47:30.569934 [debug] [MainThread]: Sending event: {'category': 'dbt', 'action': 'project_id', 'label': '7fb96bec-668a-4666-aa25-5dfe6660e694', 'context': [<snowplow_tracker.self_describing_json.SelfDescribingJson object at 0x0000023D00EAC050>]}
[0m11:47:31.141297 [debug] [MainThread]: Sending event: {'category': 'dbt', 'action': 'adapter_info', 'label': '7fb96bec-668a-4666-aa25-5dfe6660e694', 'context': [<snowplow_tracker.self_describing_json.SelfDescribingJson object at 0x0000023D72B25610>]}
[0m11:47:31.146296 [info ] [MainThread]: Registered adapter: bigquery=1.12.0
[0m11:47:36.672668 [debug] [MainThread]: checksum: ace6cc19d752b2eede857364603196a4b3b33bbc94fcfd5ac723aa93c3192327, vars: {}, profile: qntproj, target: bigquery_dev, version: 1.12.3
[0m11:47:39.177578 [info ] [MainThread]: Unable to do partial parsing because config vars, config profile, or config target have changed
[0m11:47:39.384515 [debug] [MainThread]: previous checksum: ace6cc19d752b2eede857364603196a4b3b33bbc94fcfd5ac723aa93c3192327, current checksum: d860646ec4cb4da1117743516a819ec583c41076b3390034a3c79bc1e260c204
[0m11:47:39.386515 [info ] [MainThread]: Unable to do partial parsing because profile has changed
[0m11:47:39.406514 [info ] [MainThread]: Unable to do partial parsing because a project config has changed
[0m11:47:39.414513 [debug] [MainThread]: Sending event: {'category': 'dbt', 'action': 'partial_parser', 'label': '7fb96bec-668a-4666-aa25-5dfe6660e694', 'context': [<snowplow_tracker.self_describing_json.SelfDescribingJson object at 0x0000023D75E3A690>]}
[0m11:47:51.867967 [warn ] [MainThread]: [[33mWARNING[0m]: Did not find matching node for patch with name 'customers' in the 'models' section of file 'models\staging\schema.yml'
[0m11:47:52.963217 [error] [MainThread]: [[31mERROR[0m]: Encountered an error:
Compilation Error
  Model 'model.qntproj.stg_customers' (models\staging\stg_customers.sql) depends on a source named 'staging.customers' which was not found
[0m11:47:52.983743 [debug] [MainThread]: Command `dbt test` failed at 11:47:52.983743 after 36.35 seconds
[0m11:47:53.001744 [debug] [MainThread]: Sending event: {'category': 'dbt', 'action': 'invocation', 'label': 'end', 'context': [<snowplow_tracker.self_describing_json.SelfDescribingJson object at 0x0000023D77862F10>, <snowplow_tracker.self_describing_json.SelfDescribingJson object at 0x0000023D02668090>, <snowplow_tracker.self_describing_json.SelfDescribingJson object at 0x0000023D77862CD0>]}
[0m11:47:53.003742 [debug] [MainThread]: Flushing usage events
[0m11:47:54.429950 [debug] [MainThread]: An error was encountered while trying to flush usage events
[0m11:53:00.539485 [debug] [MainThread]: Sending event: {'category': 'dbt', 'action': 'invocation', 'label': 'start', 'context': [<snowplow_tracker.self_describing_json.SelfDescribingJson object at 0x0000025528E2F110>, <snowplow_tracker.self_describing_json.SelfDescribingJson object at 0x000002552A6E7750>, <snowplow_tracker.self_describing_json.SelfDescribingJson object at 0x000002552A6E7650>]}


============================== 11:53:00.552011 | 7067e55d-9f33-4e88-b279-1803b32b5c45 ==============================
[0m11:53:00.552011 [info ] [MainThread]: Running with dbt=1.12.3
[0m11:53:00.556012 [debug] [MainThread]: running dbt with arguments {'version_check': 'True', 'no_print': 'None', 'maximum_seed_size_mib': '1', 'target_path': 'None', 'warn_error_options': 'WarnErrorOptionsV2(error=[], warn=[], silence=[])', 'static_parser': 'True', 'printer_width': '80', 'write_json': 'True', 'introspect': 'True', 'log_cache_events': 'False', 'empty': 'None', 'cache_selected_only': 'False', 'fail_fast': 'False', 'debug': 'False', 'log_format': 'default', 'profiles_dir': 'C:\\Users\\Bamidele\\Documents\\manufact\\manufact-dbt\\qntproj', 'send_anonymous_usage_stats': 'True', 'quiet': 'False', 'warn_error': 'None', 'partial_parse': 'True', 'invocation_command': 'dbt test --select stg_customers', 'hints_enabled': 'True', 'use_colors': 'True', 'use_experimental_parser': 'False', 'indirect_selection': 'eager', 'log_path': 'C:\\Users\\Bamidele\\Documents\\manufact\\manufact-dbt\\qntproj\\logs'}
[0m11:53:08.467849 [debug] [MainThread]: Sending event: {'category': 'dbt', 'action': 'project_id', 'label': '7067e55d-9f33-4e88-b279-1803b32b5c45', 'context': [<snowplow_tracker.self_describing_json.SelfDescribingJson object at 0x0000025533C1C050>]}
[0m11:53:08.994950 [debug] [MainThread]: Sending event: {'category': 'dbt', 'action': 'adapter_info', 'label': '7067e55d-9f33-4e88-b279-1803b32b5c45', 'context': [<snowplow_tracker.self_describing_json.SelfDescribingJson object at 0x00000255258C59D0>]}
[0m11:53:09.016945 [info ] [MainThread]: Registered adapter: bigquery=1.12.0
[0m11:53:12.032539 [debug] [MainThread]: checksum: ace6cc19d752b2eede857364603196a4b3b33bbc94fcfd5ac723aa93c3192327, vars: {}, profile: qntproj, target: bigquery_dev, version: 1.12.3
[0m11:53:12.677612 [info ] [MainThread]: Unable to do partial parsing because config vars, config profile, or config target have changed
[0m11:53:12.688574 [debug] [MainThread]: previous checksum: ace6cc19d752b2eede857364603196a4b3b33bbc94fcfd5ac723aa93c3192327, current checksum: d860646ec4cb4da1117743516a819ec583c41076b3390034a3c79bc1e260c204
[0m11:53:12.690564 [info ] [MainThread]: Unable to do partial parsing because profile has changed
[0m11:53:12.696568 [info ] [MainThread]: Unable to do partial parsing because a project config has changed
[0m11:53:12.702611 [debug] [MainThread]: Sending event: {'category': 'dbt', 'action': 'partial_parser', 'label': '7067e55d-9f33-4e88-b279-1803b32b5c45', 'context': [<snowplow_tracker.self_describing_json.SelfDescribingJson object at 0x0000025528BE2690>]}
[0m11:53:23.805294 [error] [MainThread]: [[31mERROR[0m]: Encountered an error:
Compilation Error
  Model 'model.qntproj.stg_customers' (models\staging\stg_customers.sql) depends on a source named 'staging.customers' which was not found
[0m11:53:23.828958 [debug] [MainThread]: Command `dbt test` failed at 11:53:23.826957 after 23.89 seconds
[0m11:53:23.830957 [debug] [MainThread]: Sending event: {'category': 'dbt', 'action': 'invocation', 'label': 'end', 'context': [<snowplow_tracker.self_describing_json.SelfDescribingJson object at 0x000002552A6038D0>, <snowplow_tracker.self_describing_json.SelfDescribingJson object at 0x000002552A602350>, <snowplow_tracker.self_describing_json.SelfDescribingJson object at 0x00000255355C9A50>]}
[0m11:53:23.832956 [debug] [MainThread]: Flushing usage events
[0m11:53:25.211344 [debug] [MainThread]: An error was encountered while trying to flush usage events
[0m12:06:47.086048 [debug] [MainThread]: Sending event: {'category': 'dbt', 'action': 'invocation', 'label': 'start', 'context': [<snowplow_tracker.self_describing_json.SelfDescribingJson object at 0x000001F92FA222D0>, <snowplow_tracker.self_describing_json.SelfDescribingJson object at 0x000001F9329A7310>, <snowplow_tracker.self_describing_json.SelfDescribingJson object at 0x000001F9329A7850>]}


============================== 12:06:47.108045 | c78fb7cc-0d1c-4d0b-8bf0-8f9f468408e9 ==============================
[0m12:06:47.108045 [info ] [MainThread]: Running with dbt=1.12.3
[0m12:06:47.123393 [debug] [MainThread]: running dbt with arguments {'version_check': 'True', 'no_print': 'None', 'maximum_seed_size_mib': '1', 'warn_error_options': 'WarnErrorOptionsV2(error=[], warn=[], silence=[])', 'target_path': 'None', 'static_parser': 'True', 'printer_width': '80', 'write_json': 'True', 'empty': 'None', 'log_cache_events': 'False', 'introspect': 'True', 'cache_selected_only': 'False', 'fail_fast': 'False', 'debug': 'False', 'log_format': 'default', 'partial_parse': 'True', 'send_anonymous_usage_stats': 'True', 'quiet': 'False', 'warn_error': 'None', 'profiles_dir': 'C:\\Users\\Bamidele\\Documents\\manufact\\manufact-dbt\\qntproj', 'use_colors': 'True', 'hints_enabled': 'True', 'indirect_selection': 'eager', 'use_experimental_parser': 'False', 'invocation_command': 'dbt test --select stg_customers', 'log_path': 'C:\\Users\\Bamidele\\Documents\\manufact\\manufact-dbt\\qntproj\\logs'}
[0m12:06:47.163389 [error] [MainThread]: [[31mERROR[0m]: Encountered an error:
Parsing Error
  Env var required but not provided: 'REGION'
[0m12:06:47.180390 [debug] [MainThread]: Command `dbt test` failed at 12:06:47.180390 after 0.86 seconds
[0m12:06:47.183394 [debug] [MainThread]: Sending event: {'category': 'dbt', 'action': 'invocation', 'label': 'end', 'context': [<snowplow_tracker.self_describing_json.SelfDescribingJson object at 0x000001F9329AA9D0>, <snowplow_tracker.self_describing_json.SelfDescribingJson object at 0x000001F9329AA690>, <snowplow_tracker.self_describing_json.SelfDescribingJson object at 0x000001F9328C18D0>]}
[0m12:06:47.185393 [debug] [MainThread]: Flushing usage events
[0m12:06:49.356903 [debug] [MainThread]: An error was encountered while trying to flush usage events
[0m12:07:28.581931 [debug] [MainThread]: Sending event: {'category': 'dbt', 'action': 'invocation', 'label': 'start', 'context': [<snowplow_tracker.self_describing_json.SelfDescribingJson object at 0x000001A1945C2BD0>, <snowplow_tracker.self_describing_json.SelfDescribingJson object at 0x000001A194505D50>, <snowplow_tracker.self_describing_json.SelfDescribingJson object at 0x000001A19465A390>]}


============================== 12:07:28.594932 | 9b5d9133-5906-453c-84c8-108179424e1e ==============================
[0m12:07:28.594932 [info ] [MainThread]: Running with dbt=1.12.3
[0m12:07:28.600932 [debug] [MainThread]: running dbt with arguments {'static_parser': 'True', 'no_print': 'None', 'maximum_seed_size_mib': '1', 'warn_error_options': 'WarnErrorOptionsV2(error=[], warn=[], silence=[])', 'version_check': 'True', 'target_path': 'None', 'printer_width': '80', 'write_json': 'True', 'introspect': 'True', 'log_cache_events': 'False', 'empty': 'None', 'cache_selected_only': 'False', 'fail_fast': 'False', 'debug': 'False', 'log_format': 'default', 'partial_parse': 'True', 'send_anonymous_usage_stats': 'True', 'quiet': 'False', 'warn_error': 'None', 'profiles_dir': 'C:\\Users\\Bamidele\\Documents\\manufact\\manufact-dbt\\qntproj', 'indirect_selection': 'eager', 'hints_enabled': 'True', 'invocation_command': 'dbt test --select stg_customers', 'use_experimental_parser': 'False', 'use_colors': 'True', 'log_path': 'C:\\Users\\Bamidele\\Documents\\manufact\\manufact-dbt\\qntproj\\logs'}
[0m12:07:34.235735 [debug] [MainThread]: Sending event: {'category': 'dbt', 'action': 'project_id', 'label': '9b5d9133-5906-453c-84c8-108179424e1e', 'context': [<snowplow_tracker.self_describing_json.SelfDescribingJson object at 0x000001A19DCAA090>]}
[0m12:07:34.685369 [debug] [MainThread]: Sending event: {'category': 'dbt', 'action': 'adapter_info', 'label': '9b5d9133-5906-453c-84c8-108179424e1e', 'context': [<snowplow_tracker.self_describing_json.SelfDescribingJson object at 0x000001A18F8856D0>]}
[0m12:07:34.689346 [info ] [MainThread]: Registered adapter: bigquery=1.12.0
[0m12:07:37.771603 [debug] [MainThread]: checksum: ace6cc19d752b2eede857364603196a4b3b33bbc94fcfd5ac723aa93c3192327, vars: {}, profile: qntproj, target: bigquery_dev, version: 1.12.3
[0m12:07:38.341205 [info ] [MainThread]: Unable to do partial parsing because config vars, config profile, or config target have changed
[0m12:07:38.343204 [debug] [MainThread]: previous checksum: ace6cc19d752b2eede857364603196a4b3b33bbc94fcfd5ac723aa93c3192327, current checksum: d860646ec4cb4da1117743516a819ec583c41076b3390034a3c79bc1e260c204
[0m12:07:38.345204 [info ] [MainThread]: Unable to do partial parsing because profile has changed
[0m12:07:38.347205 [info ] [MainThread]: Unable to do partial parsing because a project config has changed
[0m12:07:38.349205 [debug] [MainThread]: Sending event: {'category': 'dbt', 'action': 'partial_parser', 'label': '9b5d9133-5906-453c-84c8-108179424e1e', 'context': [<snowplow_tracker.self_describing_json.SelfDescribingJson object at 0x000001A1921669D0>]}
[0m12:07:49.194143 [error] [MainThread]: [[31mERROR[0m]: Encountered an error:
Compilation Error
  Model 'model.qntproj.stg_maintenance' (models\staging\stg_maintenance.sql) depends on a source named 'raw.maintenance' which was not found
[0m12:07:49.198142 [debug] [MainThread]: Command `dbt test` failed at 12:07:49.198142 after 20.99 seconds
[0m12:07:49.203741 [debug] [MainThread]: Sending event: {'category': 'dbt', 'action': 'invocation', 'label': 'end', 'context': [<snowplow_tracker.self_describing_json.SelfDescribingJson object at 0x000001A18C3DE890>, <snowplow_tracker.self_describing_json.SelfDescribingJson object at 0x000001A1944F2DD0>, <snowplow_tracker.self_describing_json.SelfDescribingJson object at 0x000001A19F56F9D0>]}
[0m12:07:49.205734 [debug] [MainThread]: Flushing usage events
[0m12:07:50.884866 [debug] [MainThread]: An error was encountered while trying to flush usage events
[0m12:34:40.027142 [debug] [MainThread]: Sending event: {'category': 'dbt', 'action': 'invocation', 'label': 'start', 'context': [<snowplow_tracker.self_describing_json.SelfDescribingJson object at 0x0000023530350E90>, <snowplow_tracker.self_describing_json.SelfDescribingJson object at 0x0000023530351DD0>, <snowplow_tracker.self_describing_json.SelfDescribingJson object at 0x0000023530353950>]}


============================== 12:34:40.043141 | ea8a9f15-f04c-486b-b48f-0999b191e8c8 ==============================
[0m12:34:40.043141 [info ] [MainThread]: Running with dbt=1.12.3
[0m12:34:40.047141 [debug] [MainThread]: running dbt with arguments {'version_check': 'True', 'no_print': 'None', 'maximum_seed_size_mib': '1', 'target_path': 'None', 'warn_error_options': 'WarnErrorOptionsV2(error=[], warn=[], silence=[])', 'static_parser': 'True', 'printer_width': '80', 'write_json': 'True', 'empty': 'None', 'log_cache_events': 'False', 'introspect': 'True', 'cache_selected_only': 'False', 'fail_fast': 'False', 'debug': 'False', 'log_format': 'default', 'partial_parse': 'True', 'send_anonymous_usage_stats': 'True', 'quiet': 'False', 'warn_error': 'None', 'profiles_dir': 'C:\\Users\\Bamidele\\Documents\\manufact\\manufact-dbt\\qntproj', 'use_colors': 'True', 'hints_enabled': 'True', 'invocation_command': 'dbt test --select stg_customers', 'use_experimental_parser': 'False', 'indirect_selection': 'eager', 'log_path': 'C:\\Users\\Bamidele\\Documents\\manufact\\manufact-dbt\\qntproj\\logs'}
[0m12:34:51.117936 [debug] [MainThread]: Sending event: {'category': 'dbt', 'action': 'project_id', 'label': 'ea8a9f15-f04c-486b-b48f-0999b191e8c8', 'context': [<snowplow_tracker.self_describing_json.SelfDescribingJson object at 0x0000023539A4D0D0>]}
[0m12:34:51.561266 [debug] [MainThread]: Sending event: {'category': 'dbt', 'action': 'adapter_info', 'label': 'ea8a9f15-f04c-486b-b48f-0999b191e8c8', 'context': [<snowplow_tracker.self_describing_json.SelfDescribingJson object at 0x000002352B605690>]}
[0m12:34:51.565264 [info ] [MainThread]: Registered adapter: bigquery=1.12.0
[0m12:34:55.111753 [debug] [MainThread]: checksum: ace6cc19d752b2eede857364603196a4b3b33bbc94fcfd5ac723aa93c3192327, vars: {}, profile: qntproj, target: bigquery_dev, version: 1.12.3
[0m12:34:56.092207 [info ] [MainThread]: Unable to do partial parsing because config vars, config profile, or config target have changed
[0m12:34:56.120507 [debug] [MainThread]: previous checksum: ace6cc19d752b2eede857364603196a4b3b33bbc94fcfd5ac723aa93c3192327, current checksum: d860646ec4cb4da1117743516a819ec583c41076b3390034a3c79bc1e260c204
[0m12:34:56.125510 [info ] [MainThread]: Unable to do partial parsing because profile has changed
[0m12:34:56.153513 [info ] [MainThread]: Unable to do partial parsing because a project config has changed
[0m12:34:56.187483 [debug] [MainThread]: Sending event: {'category': 'dbt', 'action': 'partial_parser', 'label': 'ea8a9f15-f04c-486b-b48f-0999b191e8c8', 'context': [<snowplow_tracker.self_describing_json.SelfDescribingJson object at 0x000002352DEE6AD0>]}
[0m12:35:12.398129 [warn ] [MainThread]: [[33mWARNING[0m]: Configuration paths exist in your dbt_project.yml file which do not apply to any resources.
There are 1 unused configuration paths:
- models.qntproj.mart
[0m12:35:12.424132 [debug] [MainThread]: Sending event: {'category': 'dbt', 'action': 'load_project', 'label': 'ea8a9f15-f04c-486b-b48f-0999b191e8c8', 'context': [<snowplow_tracker.self_describing_json.SelfDescribingJson object at 0x000002353B0CE310>]}
[0m12:35:13.674884 [debug] [MainThread]: Wrote artifact WritableManifest to C:\Users\Bamidele\Documents\manufact\manufact-dbt\qntproj\target\manifest.json
[0m12:35:13.787417 [debug] [MainThread]: Wrote artifact SemanticManifest to C:\Users\Bamidele\Documents\manufact\manufact-dbt\qntproj\target\semantic_manifest.json
[0m12:35:13.970177 [debug] [MainThread]: Wrote artifact OsiDocument to C:\Users\Bamidele\Documents\manufact\manufact-dbt\qntproj\target\osi_document.json
[0m12:35:14.132194 [debug] [MainThread]: Sending event: {'category': 'dbt', 'action': 'resource_counts', 'label': 'ea8a9f15-f04c-486b-b48f-0999b191e8c8', 'context': [<snowplow_tracker.self_describing_json.SelfDescribingJson object at 0x000002353B65A450>]}
[0m12:35:14.135192 [info ] [MainThread]: Found 11 models, 2 data tests, 10 sources, 561 macros
[0m12:35:14.141192 [debug] [MainThread]: Sending event: {'category': 'dbt', 'action': 'runnable_timing', 'label': 'ea8a9f15-f04c-486b-b48f-0999b191e8c8', 'context': [<snowplow_tracker.self_describing_json.SelfDescribingJson object at 0x00000235303B6650>]}
[0m12:35:14.149201 [info ] [MainThread]: 
[0m12:35:14.188197 [info ] [MainThread]: Concurrency: 2 threads (target='bigquery_dev')
[0m12:35:14.247031 [info ] [MainThread]: 
[0m12:35:14.313059 [debug] [MainThread]: Acquiring new bigquery connection 'master'
[0m12:35:14.380105 [debug] [ThreadPool]: Acquiring new bigquery connection 'list_seismic-gecko-487920-t3_qnt_staging'
[0m12:35:14.382104 [debug] [ThreadPool]: Opening a new connection, currently in state init
[0m12:35:16.946985 [debug] [MainThread]: Sending event: {'category': 'dbt', 'action': 'runnable_timing', 'label': 'ea8a9f15-f04c-486b-b48f-0999b191e8c8', 'context': [<snowplow_tracker.self_describing_json.SelfDescribingJson object at 0x0000023539A3D850>]}
[0m12:35:16.949510 [debug] [MainThread]: Opening a new connection, currently in state init
[0m12:35:17.445038 [debug] [Thread-2 (]: Began running node test.qntproj.not_null_stg_customers_customer_id.e2cfb1f9aa
[0m12:35:17.449170 [debug] [Thread-3 (]: Began running node test.qntproj.unique_stg_customers_customer_id.c7614daada
[0m12:35:17.448098 [info ] [Thread-2 (]: 1 of 2 START test not_null_stg_customers_customer_id ........................... [RUN]
[0m12:35:17.470258 [debug] [Thread-2 (]: Acquiring new bigquery connection 'test.qntproj.not_null_stg_customers_customer_id.e2cfb1f9aa'
[0m12:35:17.474262 [debug] [Thread-2 (]: Began compiling node test.qntproj.not_null_stg_customers_customer_id.e2cfb1f9aa
[0m12:35:17.452153 [info ] [Thread-3 (]: 2 of 2 START test unique_stg_customers_customer_id ............................. [RUN]
[0m12:35:17.584891 [debug] [Thread-3 (]: Acquiring new bigquery connection 'test.qntproj.unique_stg_customers_customer_id.c7614daada'
[0m12:35:17.724650 [debug] [Thread-3 (]: Began compiling node test.qntproj.unique_stg_customers_customer_id.c7614daada
[0m12:35:17.754035 [debug] [Thread-2 (]: Writing injected SQL for node "test.qntproj.not_null_stg_customers_customer_id.e2cfb1f9aa"
[0m12:35:17.824107 [debug] [Thread-3 (]: Writing injected SQL for node "test.qntproj.unique_stg_customers_customer_id.c7614daada"
[0m12:35:17.852279 [debug] [Thread-2 (]: Began executing node test.qntproj.not_null_stg_customers_customer_id.e2cfb1f9aa
[0m12:35:17.854277 [debug] [Thread-3 (]: Began executing node test.qntproj.unique_stg_customers_customer_id.c7614daada
[0m12:35:18.557364 [debug] [Thread-3 (]: Writing runtime sql for node "test.qntproj.unique_stg_customers_customer_id.c7614daada"
[0m12:35:18.570371 [debug] [Thread-2 (]: Writing runtime sql for node "test.qntproj.not_null_stg_customers_customer_id.e2cfb1f9aa"
[0m12:35:18.580363 [debug] [Thread-3 (]: On test.qntproj.unique_stg_customers_customer_id.c7614daada: /* {"app": "dbt", "dbt_version": "1.12.3", "profile_name": "qntproj", "target_name": "bigquery_dev", "node_id": "test.qntproj.unique_stg_customers_customer_id.c7614daada"} */

    
    select
      count(*) as failures,
      count(*) != 0 as should_warn,
      count(*) != 0 as should_error
    from (
      
    
  
    
    

with dbt_test__target as (

  select customer_id as unique_field
  from `seismic-gecko-487920-t3`.`qnt_staging`.`stg_customers`
  where customer_id is not null

)

select
    unique_field,
    count(*) as n_records

from dbt_test__target
group by unique_field
having count(*) > 1



  
  
      
    ) dbt_internal_test
[0m12:35:18.583359 [debug] [Thread-2 (]: On test.qntproj.not_null_stg_customers_customer_id.e2cfb1f9aa: /* {"app": "dbt", "dbt_version": "1.12.3", "profile_name": "qntproj", "target_name": "bigquery_dev", "node_id": "test.qntproj.not_null_stg_customers_customer_id.e2cfb1f9aa"} */

    
    select
      count(*) as failures,
      count(*) != 0 as should_warn,
      count(*) != 0 as should_error
    from (
      
    
  
    
    



select customer_id
from `seismic-gecko-487920-t3`.`qnt_staging`.`stg_customers`
where customer_id is null



  
  
      
    ) dbt_internal_test
[0m12:35:18.588361 [debug] [Thread-2 (]: Opening a new connection, currently in state init
[0m12:35:18.585357 [debug] [Thread-3 (]: Opening a new connection, currently in state init
[0m12:35:20.474650 [error] [Thread-3 (]: BigQuery adapter: https://console.cloud.google.com/bigquery?project=seismic-gecko-487920-t3&j=bq:europewest9:3ba4e59f-9668-45af-9a89-3e90a0a0cec9&page=queryresults
[0m12:35:20.479652 [error] [Thread-2 (]: BigQuery adapter: https://console.cloud.google.com/bigquery?project=seismic-gecko-487920-t3&j=bq:europewest9:a4eb78dc-9842-427e-92ee-ed8942ea6b70&page=queryresults
[0m12:35:21.870888 [debug] [Thread-3 (]: Database Error in test unique_stg_customers_customer_id (models\staging\schema.yml)
  Location europewest9 does not support this operation.
  compiled code at target\run\qntproj\models\staging\schema.yml\unique_stg_customers_customer_id.sql
[0m12:35:21.881892 [debug] [Thread-2 (]: Database Error in test not_null_stg_customers_customer_id (models\staging\schema.yml)
  Location europewest9 does not support this operation.
  compiled code at target\run\qntproj\models\staging\schema.yml\not_null_stg_customers_customer_id.sql
[0m12:35:21.883892 [error] [Thread-3 (]: 2 of 2 ERROR unique_stg_customers_customer_id .................................. [[31mERROR[0m in 4.30s]
[0m12:35:21.894892 [debug] [Thread-3 (]: Finished running node test.qntproj.unique_stg_customers_customer_id.c7614daada
[0m12:35:21.886892 [error] [Thread-2 (]: 1 of 2 ERROR not_null_stg_customers_customer_id ................................ [[31mERROR[0m in 4.42s]
[0m12:35:21.899893 [debug] [Thread-6 (]: Marking all children of 'test.qntproj.unique_stg_customers_customer_id.c7614daada' to be skipped because of status 'error'.  Reason: Database Error in test unique_stg_customers_customer_id (models\staging\schema.yml)
  Location europewest9 does not support this operation.
  compiled code at target\run\qntproj\models\staging\schema.yml\unique_stg_customers_customer_id.sql.
[0m12:35:21.903896 [debug] [Thread-2 (]: Finished running node test.qntproj.not_null_stg_customers_customer_id.e2cfb1f9aa
[0m12:35:21.909894 [debug] [Thread-6 (]: Marking all children of 'test.qntproj.not_null_stg_customers_customer_id.e2cfb1f9aa' to be skipped because of status 'error'.  Reason: Database Error in test not_null_stg_customers_customer_id (models\staging\schema.yml)
  Location europewest9 does not support this operation.
  compiled code at target\run\qntproj\models\staging\schema.yml\not_null_stg_customers_customer_id.sql.
[0m12:35:21.915896 [debug] [MainThread]: Opening a new connection, currently in state closed
[0m12:35:22.157688 [debug] [MainThread]: Connection 'master' was properly closed.
[0m12:35:22.161686 [debug] [MainThread]: Connection 'list_seismic-gecko-487920-t3_qnt_staging' was properly closed.
[0m12:35:22.165689 [debug] [MainThread]: Connection 'test.qntproj.not_null_stg_customers_customer_id.e2cfb1f9aa' was properly closed.
[0m12:35:22.167688 [debug] [MainThread]: Connection 'test.qntproj.unique_stg_customers_customer_id.c7614daada' was properly closed.
[0m12:35:22.173690 [info ] [MainThread]: 
[0m12:35:22.181689 [info ] [MainThread]: Finished running 2 data tests in 0 hours 0 minutes and 7.86 seconds (7.86s).
[0m12:35:22.189693 [debug] [MainThread]: Command end result
[0m12:35:22.695402 [debug] [MainThread]: Wrote artifact WritableManifest to C:\Users\Bamidele\Documents\manufact\manufact-dbt\qntproj\target\manifest.json
[0m12:35:22.771402 [debug] [MainThread]: Wrote artifact SemanticManifest to C:\Users\Bamidele\Documents\manufact\manufact-dbt\qntproj\target\semantic_manifest.json
[0m12:35:22.819388 [debug] [MainThread]: Wrote artifact OsiDocument to C:\Users\Bamidele\Documents\manufact\manufact-dbt\qntproj\target\osi_document.json
[0m12:35:22.882053 [debug] [MainThread]: Wrote artifact RunExecutionResult to C:\Users\Bamidele\Documents\manufact\manufact-dbt\qntproj\target\run_results.json
[0m12:35:22.884035 [info ] [MainThread]: 
[0m12:35:22.934611 [info ] [MainThread]: [31mCompleted with 2 errors, 0 partial successes, and 0 warnings:[0m
[0m12:35:23.106682 [info ] [MainThread]: 
[0m12:35:23.174948 [error] [MainThread]: [[31mERROR[0m]: in test unique_stg_customers_customer_id (models\staging\schema.yml)
[0m12:35:23.256627 [error] [MainThread]:   Database Error in test unique_stg_customers_customer_id (models\staging\schema.yml)
  Location europewest9 does not support this operation.
  compiled code at target\run\qntproj\models\staging\schema.yml\unique_stg_customers_customer_id.sql
[0m12:35:23.324433 [info ] [MainThread]: 
[0m12:35:23.416367 [info ] [MainThread]:   compiled code at target\compiled\qntproj\models\staging\schema.yml\unique_stg_customers_customer_id.sql
[0m12:35:23.622294 [info ] [MainThread]: 
[0m12:35:23.719094 [error] [MainThread]: [[31mERROR[0m]: in test not_null_stg_customers_customer_id (models\staging\schema.yml)
[0m12:35:23.820700 [error] [MainThread]:   Database Error in test not_null_stg_customers_customer_id (models\staging\schema.yml)
  Location europewest9 does not support this operation.
  compiled code at target\run\qntproj\models\staging\schema.yml\not_null_stg_customers_customer_id.sql
[0m12:35:23.864204 [info ] [MainThread]: 
[0m12:35:23.905589 [info ] [MainThread]:   compiled code at target\compiled\qntproj\models\staging\schema.yml\not_null_stg_customers_customer_id.sql
[0m12:35:24.021189 [info ] [MainThread]: 
[0m12:35:24.201596 [info ] [MainThread]: Done. PASS=0 WARN=0 ERROR=2 SKIP=0 NO-OP=0 REUSED=0 TOTAL=2
[0m12:35:24.262657 [debug] [MainThread]: Command `dbt test` failed at 12:35:24.262657 after 44.82 seconds
[0m12:35:24.284660 [debug] [MainThread]: Sending event: {'category': 'dbt', 'action': 'invocation', 'label': 'end', 'context': [<snowplow_tracker.self_describing_json.SelfDescribingJson object at 0x000002353043A1D0>, <snowplow_tracker.self_describing_json.SelfDescribingJson object at 0x0000023530439FD0>, <snowplow_tracker.self_describing_json.SelfDescribingJson object at 0x00000235303EDF50>]}
[0m12:35:24.289661 [debug] [MainThread]: Flushing usage events
[0m12:35:25.557332 [debug] [MainThread]: An error was encountered while trying to flush usage events
[0m12:46:56.628009 [debug] [MainThread]: Sending event: {'category': 'dbt', 'action': 'invocation', 'label': 'start', 'context': [<snowplow_tracker.self_describing_json.SelfDescribingJson object at 0x000001F85C592110>, <snowplow_tracker.self_describing_json.SelfDescribingJson object at 0x000001F85C592310>, <snowplow_tracker.self_describing_json.SelfDescribingJson object at 0x000001F85C593290>]}


============================== 12:46:56.646008 | fc2c31fa-3806-4d41-a7ba-9854f82c1278 ==============================
[0m12:46:56.646008 [info ] [MainThread]: Running with dbt=1.12.3
[0m12:46:56.650007 [debug] [MainThread]: running dbt with arguments {'version_check': 'True', 'no_print': 'None', 'maximum_seed_size_mib': '1', 'target_path': 'None', 'warn_error_options': 'WarnErrorOptionsV2(error=[], warn=[], silence=[])', 'static_parser': 'True', 'printer_width': '80', 'write_json': 'True', 'empty': 'None', 'log_cache_events': 'False', 'introspect': 'True', 'cache_selected_only': 'False', 'fail_fast': 'False', 'debug': 'False', 'log_format': 'default', 'partial_parse': 'True', 'send_anonymous_usage_stats': 'True', 'quiet': 'False', 'warn_error': 'None', 'profiles_dir': 'C:\\Users\\Bamidele\\Documents\\manufact\\manufact-dbt\\qntproj', 'use_colors': 'True', 'hints_enabled': 'True', 'indirect_selection': 'eager', 'use_experimental_parser': 'False', 'invocation_command': 'dbt debug', 'log_path': 'C:\\Users\\Bamidele\\Documents\\manufact\\manufact-dbt\\qntproj\\logs'}
[0m12:46:56.846331 [info ] [MainThread]: dbt version: 1.12.3
[0m12:46:56.854334 [info ] [MainThread]: python version: 3.11.4
[0m12:46:56.867336 [info ] [MainThread]: python path: C:\Users\Bamidele\Documents\manufact\manufact-dbt\mdbt\Scripts\python.exe
[0m12:46:56.895332 [info ] [MainThread]: os info: Windows-10-10.0.19045-SP0
[0m12:47:07.405633 [info ] [MainThread]: Using profiles dir at C:\Users\Bamidele\Documents\manufact\manufact-dbt\qntproj
[0m12:47:07.428308 [info ] [MainThread]: Using profiles.yml file at C:\Users\Bamidele\Documents\manufact\manufact-dbt\qntproj\profiles.yml
[0m12:47:07.468313 [info ] [MainThread]: Using dbt_project.yml file at C:\Users\Bamidele\Documents\manufact\manufact-dbt\qntproj\dbt_project.yml
[0m12:47:07.493442 [info ] [MainThread]: adapter type: bigquery
[0m12:47:07.503876 [info ] [MainThread]: adapter version: 1.12.0
[0m12:47:08.686882 [info ] [MainThread]: Configuration:
[0m12:47:08.696716 [info ] [MainThread]:   profiles.yml file [[32mOK found and valid[0m]
[0m12:47:08.705992 [info ] [MainThread]:   dbt_project.yml file [[32mOK found and valid[0m]
[0m12:47:08.735620 [info ] [MainThread]: Required dependencies:
[0m12:47:08.747621 [debug] [MainThread]: Executing "git --help"
[0m12:47:09.269670 [debug] [MainThread]: STDOUT: "b"usage: git [-v | --version] [-h | --help] [-C <path>] [-c <name>=<value>]\n           [--exec-path[=<path>]] [--html-path] [--man-path] [--info-path]\n           [-p | --paginate | -P | --no-pager] [--no-replace-objects] [--no-lazy-fetch]\n           [--no-optional-locks] [--no-advice] [--bare] [--git-dir=<path>]\n           [--work-tree=<path>] [--namespace=<name>] [--config-env=<name>=<envvar>]\n           <command> [<args>]\n\nThese are common Git commands used in various situations:\n\nstart a working area (see also: git help tutorial)\n   clone      Clone a repository into a new directory\n   init       Create an empty Git repository or reinitialize an existing one\n\nwork on the current change (see also: git help everyday)\n   add        Add file contents to the index\n   mv         Move or rename a file, a directory, or a symlink\n   restore    Restore working tree files\n   rm         Remove files from the working tree and from the index\n\nexamine the history and state (see also: git help revisions)\n   bisect     Use binary search to find the commit that introduced a bug\n   diff       Show changes between commits, commit and working tree, etc\n   grep       Print lines matching a pattern\n   log        Show commit logs\n   show       Show various types of objects\n   status     Show the working tree status\n\ngrow, mark and tweak your common history\n   backfill   Download missing objects in a partial clone\n   branch     List, create, or delete branches\n   commit     Record changes to the repository\n   merge      Join two or more development histories together\n   rebase     Reapply commits on top of another base tip\n   reset      Reset current HEAD to the specified state\n   switch     Switch branches\n   tag        Create, list, delete or verify a tag object signed with GPG\n\ncollaborate (see also: git help workflows)\n   fetch      Download objects and refs from another repository\n   pull       Fetch from and integrate with another repository or a local branch\n   push       Update remote refs along with associated objects\n\n'git help -a' and 'git help -g' list available subcommands and some\nconcept guides. See 'git help <command>' or 'git help <concept>'\nto read about a specific subcommand or concept.\nSee 'git help git' for an overview of the system.\n""
[0m12:47:09.273673 [debug] [MainThread]: STDERR: "b''"
[0m12:47:09.276706 [info ] [MainThread]:  - git [[32mOK found[0m]

[0m12:47:09.372671 [info ] [MainThread]: Connection:
[0m12:47:09.407671 [info ] [MainThread]:   method: service-account
[0m12:47:09.425685 [info ] [MainThread]:   database: seismic-gecko-487920-t3
[0m12:47:09.464672 [info ] [MainThread]:   execution_project: seismic-gecko-487920-t3
[0m12:47:09.532667 [info ] [MainThread]:   schema: qnt_staging
[0m12:47:09.590364 [info ] [MainThread]:   location: europewest9
[0m12:47:09.665796 [info ] [MainThread]:   priority: interactive
[0m12:47:09.716798 [info ] [MainThread]:   maximum_bytes_billed: None
[0m12:47:09.758182 [info ] [MainThread]:   reservation: None
[0m12:47:09.794180 [info ] [MainThread]:   impersonate_service_account: None
[0m12:47:09.870966 [info ] [MainThread]:   job_retry_deadline_seconds: None
[0m12:47:09.930982 [info ] [MainThread]:   job_retries: 1
[0m12:47:09.978481 [info ] [MainThread]:   job_creation_timeout_seconds: None
[0m12:47:10.019889 [info ] [MainThread]:   job_execution_timeout_seconds: 300
[0m12:47:10.050891 [info ] [MainThread]:   job_link_info_level_log: False
[0m12:47:10.069558 [info ] [MainThread]:   timeout_seconds: 300
[0m12:47:10.134438 [info ] [MainThread]:   client_id: None
[0m12:47:10.161448 [info ] [MainThread]:   token_uri: None
[0m12:47:10.177472 [info ] [MainThread]:   compute_region: None
[0m12:47:10.193467 [info ] [MainThread]:   dataproc_cluster_name: None
[0m12:47:10.236728 [info ] [MainThread]:   gcs_bucket: None
[0m12:47:10.302193 [info ] [MainThread]:   dataproc_batch: None
[0m12:47:10.333579 [info ] [MainThread]: Registered adapter: bigquery=1.12.0
[0m12:47:17.544592 [debug] [MainThread]: Acquiring new bigquery connection 'debug'
[0m12:47:17.548593 [debug] [MainThread]: On debug: select 1 as id
[0m12:47:17.553669 [debug] [MainThread]: Opening a new connection, currently in state init
[0m12:47:20.027505 [error] [MainThread]: BigQuery adapter: https://console.cloud.google.com/bigquery?project=seismic-gecko-487920-t3&j=bq:europewest9:efdfe891-e563-4177-89e8-7c4dc974758b&page=queryresults
[0m12:47:20.070503 [info ] [MainThread]:   Connection test: [[31mERROR[0m]

[0m12:47:20.178044 [info ] [MainThread]: [31m1 check failed:[0m
[0m12:47:20.248666 [info ] [MainThread]: dbt was unable to connect to the specified database.
The database returned the following error:

  >Database Error
  Location europewest9 does not support this operation.

Check your database credentials and try again. For more information, visit:
https://docs.getdbt.com/docs/configure-your-profile


[0m12:47:20.300095 [debug] [MainThread]: Command `dbt debug` failed at 12:47:20.300095 after 25.16 seconds
[0m12:47:20.303096 [debug] [MainThread]: Connection 'debug' was properly closed.
[0m12:47:20.306098 [debug] [MainThread]: Sending event: {'category': 'dbt', 'action': 'invocation', 'label': 'end', 'context': [<snowplow_tracker.self_describing_json.SelfDescribingJson object at 0x000001F865C0FB90>, <snowplow_tracker.self_describing_json.SelfDescribingJson object at 0x000001F85C58B090>, <snowplow_tracker.self_describing_json.SelfDescribingJson object at 0x000001F85C589C50>]}
[0m12:47:20.312122 [debug] [MainThread]: Flushing usage events
[0m12:47:23.682427 [debug] [MainThread]: An error was encountered while trying to flush usage events
[0m12:50:18.280250 [debug] [MainThread]: Sending event: {'category': 'dbt', 'action': 'invocation', 'label': 'start', 'context': [<snowplow_tracker.self_describing_json.SelfDescribingJson object at 0x000002B9F6ECFE90>, <snowplow_tracker.self_describing_json.SelfDescribingJson object at 0x000002B9F6CC0090>, <snowplow_tracker.self_describing_json.SelfDescribingJson object at 0x000002B9F6E3AE50>]}


============================== 12:50:18.297293 | 1a0a240c-28c3-4fd3-a2ca-26708f7f779b ==============================
[0m12:50:18.297293 [info ] [MainThread]: Running with dbt=1.12.3
[0m12:50:18.310450 [debug] [MainThread]: running dbt with arguments {'version_check': 'True', 'no_print': 'None', 'maximum_seed_size_mib': '1', 'target_path': 'None', 'warn_error_options': 'WarnErrorOptionsV2(error=[], warn=[], silence=[])', 'static_parser': 'True', 'printer_width': '80', 'write_json': 'True', 'introspect': 'True', 'log_cache_events': 'False', 'empty': 'None', 'cache_selected_only': 'False', 'log_format': 'default', 'debug': 'False', 'fail_fast': 'False', 'profiles_dir': 'C:\\Users\\Bamidele\\Documents\\manufact\\manufact-dbt\\qntproj', 'send_anonymous_usage_stats': 'True', 'quiet': 'False', 'warn_error': 'None', 'partial_parse': 'True', 'invocation_command': 'dbt debug', 'hints_enabled': 'True', 'indirect_selection': 'eager', 'use_experimental_parser': 'False', 'use_colors': 'True', 'log_path': 'C:\\Users\\Bamidele\\Documents\\manufact\\manufact-dbt\\qntproj\\logs'}
[0m12:50:19.134287 [info ] [MainThread]: dbt version: 1.12.3
[0m12:50:19.197189 [info ] [MainThread]: python version: 3.11.4
[0m12:50:19.312688 [info ] [MainThread]: python path: C:\Users\Bamidele\Documents\manufact\manufact-dbt\mdbt\Scripts\python.exe
[0m12:50:19.392852 [info ] [MainThread]: os info: Windows-10-10.0.19045-SP0
[0m12:50:40.241525 [info ] [MainThread]: Using profiles dir at C:\Users\Bamidele\Documents\manufact\manufact-dbt\qntproj
[0m12:50:40.244817 [info ] [MainThread]: Using profiles.yml file at C:\Users\Bamidele\Documents\manufact\manufact-dbt\qntproj\profiles.yml
[0m12:50:40.248044 [info ] [MainThread]: Using dbt_project.yml file at C:\Users\Bamidele\Documents\manufact\manufact-dbt\qntproj\dbt_project.yml
[0m12:50:40.269914 [info ] [MainThread]: adapter type: bigquery
[0m12:50:40.276916 [info ] [MainThread]: adapter version: 1.12.0
[0m12:50:41.577010 [info ] [MainThread]: Configuration:
[0m12:50:41.593010 [info ] [MainThread]:   profiles.yml file [[32mOK found and valid[0m]
[0m12:50:41.613010 [info ] [MainThread]:   dbt_project.yml file [[32mOK found and valid[0m]
[0m12:50:41.628014 [info ] [MainThread]: Required dependencies:
[0m12:50:41.637265 [debug] [MainThread]: Executing "git --help"
[0m12:50:42.290283 [debug] [MainThread]: STDOUT: "b"usage: git [-v | --version] [-h | --help] [-C <path>] [-c <name>=<value>]\n           [--exec-path[=<path>]] [--html-path] [--man-path] [--info-path]\n           [-p | --paginate | -P | --no-pager] [--no-replace-objects] [--no-lazy-fetch]\n           [--no-optional-locks] [--no-advice] [--bare] [--git-dir=<path>]\n           [--work-tree=<path>] [--namespace=<name>] [--config-env=<name>=<envvar>]\n           <command> [<args>]\n\nThese are common Git commands used in various situations:\n\nstart a working area (see also: git help tutorial)\n   clone      Clone a repository into a new directory\n   init       Create an empty Git repository or reinitialize an existing one\n\nwork on the current change (see also: git help everyday)\n   add        Add file contents to the index\n   mv         Move or rename a file, a directory, or a symlink\n   restore    Restore working tree files\n   rm         Remove files from the working tree and from the index\n\nexamine the history and state (see also: git help revisions)\n   bisect     Use binary search to find the commit that introduced a bug\n   diff       Show changes between commits, commit and working tree, etc\n   grep       Print lines matching a pattern\n   log        Show commit logs\n   show       Show various types of objects\n   status     Show the working tree status\n\ngrow, mark and tweak your common history\n   backfill   Download missing objects in a partial clone\n   branch     List, create, or delete branches\n   commit     Record changes to the repository\n   merge      Join two or more development histories together\n   rebase     Reapply commits on top of another base tip\n   reset      Reset current HEAD to the specified state\n   switch     Switch branches\n   tag        Create, list, delete or verify a tag object signed with GPG\n\ncollaborate (see also: git help workflows)\n   fetch      Download objects and refs from another repository\n   pull       Fetch from and integrate with another repository or a local branch\n   push       Update remote refs along with associated objects\n\n'git help -a' and 'git help -g' list available subcommands and some\nconcept guides. See 'git help <command>' or 'git help <concept>'\nto read about a specific subcommand or concept.\nSee 'git help git' for an overview of the system.\n""
[0m12:50:42.293286 [debug] [MainThread]: STDERR: "b''"
[0m12:50:42.296285 [info ] [MainThread]:  - git [[32mOK found[0m]

[0m12:50:42.299284 [info ] [MainThread]: Connection:
[0m12:50:42.302283 [info ] [MainThread]:   method: service-account
[0m12:50:42.306285 [info ] [MainThread]:   database: seismic-gecko-487920-t3
[0m12:50:42.312281 [info ] [MainThread]:   execution_project: seismic-gecko-487920-t3
[0m12:50:42.315283 [info ] [MainThread]:   schema: qnt_staging
[0m12:50:42.318283 [info ] [MainThread]:   location: europe-west9
[0m12:50:42.324282 [info ] [MainThread]:   priority: interactive
[0m12:50:42.329286 [info ] [MainThread]:   maximum_bytes_billed: None
[0m12:50:42.362310 [info ] [MainThread]:   reservation: None
[0m12:50:42.378284 [info ] [MainThread]:   impersonate_service_account: None
[0m12:50:42.394284 [info ] [MainThread]:   job_retry_deadline_seconds: None
[0m12:50:42.412847 [info ] [MainThread]:   job_retries: 1
[0m12:50:42.419857 [info ] [MainThread]:   job_creation_timeout_seconds: None
[0m12:50:42.425846 [info ] [MainThread]:   job_execution_timeout_seconds: 300
[0m12:50:42.434847 [info ] [MainThread]:   job_link_info_level_log: False
[0m12:50:42.438848 [info ] [MainThread]:   timeout_seconds: 300
[0m12:50:42.449846 [info ] [MainThread]:   client_id: None
[0m12:50:42.551849 [info ] [MainThread]:   token_uri: None
[0m12:50:42.603785 [info ] [MainThread]:   compute_region: None
[0m12:50:42.681345 [info ] [MainThread]:   dataproc_cluster_name: None
[0m12:50:42.758342 [info ] [MainThread]:   gcs_bucket: None
[0m12:50:42.791343 [info ] [MainThread]:   dataproc_batch: None
[0m12:50:42.839345 [info ] [MainThread]: Registered adapter: bigquery=1.12.0
[0m12:50:46.841015 [debug] [MainThread]: Acquiring new bigquery connection 'debug'
[0m12:50:46.844015 [debug] [MainThread]: On debug: select 1 as id
[0m12:50:46.846013 [debug] [MainThread]: Opening a new connection, currently in state init
[0m12:50:52.542089 [debug] [MainThread]: BigQuery adapter: https://console.cloud.google.com/bigquery?project=seismic-gecko-487920-t3&j=bq:europe-west9:4f30b0a3-b1d4-40b4-8305-f4d0864f8d96&page=queryresults
[0m12:50:52.969448 [debug] [MainThread]: SQL status: OK in 0.425 seconds
[0m12:51:13.873249 [info ] [MainThread]:   Connection test: [[32mOK connection ok[0m]

[0m12:51:13.875248 [info ] [MainThread]: [32mAll checks passed![0m
[0m12:51:13.881252 [debug] [MainThread]: Command `dbt debug` succeeded at 12:51:13.880250 after 57.69 seconds
[0m12:51:13.886251 [debug] [MainThread]: Connection 'debug' was properly closed.
[0m12:51:13.889249 [debug] [MainThread]: Sending event: {'category': 'dbt', 'action': 'invocation', 'label': 'end', 'context': [<snowplow_tracker.self_describing_json.SelfDescribingJson object at 0x000002B9F4A6CD90>, <snowplow_tracker.self_describing_json.SelfDescribingJson object at 0x000002B9F6E2AC90>, <snowplow_tracker.self_describing_json.SelfDescribingJson object at 0x000002B9F6E3B3D0>]}
[0m12:51:13.891248 [debug] [MainThread]: Flushing usage events
[0m12:51:17.089053 [debug] [MainThread]: An error was encountered while trying to flush usage events
[0m13:03:55.729432 [debug] [MainThread]: Sending event: {'category': 'dbt', 'action': 'invocation', 'label': 'start', 'context': [<snowplow_tracker.self_describing_json.SelfDescribingJson object at 0x000002938C942B50>, <snowplow_tracker.self_describing_json.SelfDescribingJson object at 0x000002938C896610>, <snowplow_tracker.self_describing_json.SelfDescribingJson object at 0x000002938C93A450>]}


============================== 13:03:55.747431 | 5ed80cd6-855f-4183-9d20-a85bf6ac02fd ==============================
[0m13:03:55.747431 [info ] [MainThread]: Running with dbt=1.12.3
[0m13:03:55.763436 [debug] [MainThread]: running dbt with arguments {'maximum_seed_size_mib': '1', 'no_print': 'None', 'version_check': 'True', 'target_path': 'None', 'warn_error_options': 'WarnErrorOptionsV2(error=[], warn=[], silence=[])', 'static_parser': 'True', 'printer_width': '80', 'write_json': 'True', 'introspect': 'True', 'log_cache_events': 'False', 'empty': 'None', 'cache_selected_only': 'False', 'fail_fast': 'False', 'debug': 'False', 'log_format': 'default', 'profiles_dir': 'C:\\Users\\Bamidele\\Documents\\manufact\\manufact-dbt\\qntproj', 'send_anonymous_usage_stats': 'True', 'quiet': 'False', 'warn_error': 'None', 'partial_parse': 'True', 'indirect_selection': 'eager', 'hints_enabled': 'True', 'use_colors': 'True', 'use_experimental_parser': 'False', 'invocation_command': 'dbt test --select stg_customers', 'log_path': 'C:\\Users\\Bamidele\\Documents\\manufact\\manufact-dbt\\qntproj\\logs'}
[0m13:04:12.930239 [debug] [MainThread]: Sending event: {'category': 'dbt', 'action': 'project_id', 'label': '5ed80cd6-855f-4183-9d20-a85bf6ac02fd', 'context': [<snowplow_tracker.self_describing_json.SelfDescribingJson object at 0x0000029395F8ADD0>]}
[0m13:04:13.438257 [debug] [MainThread]: Sending event: {'category': 'dbt', 'action': 'adapter_info', 'label': '5ed80cd6-855f-4183-9d20-a85bf6ac02fd', 'context': [<snowplow_tracker.self_describing_json.SelfDescribingJson object at 0x0000029387C05710>]}
[0m13:04:13.443259 [info ] [MainThread]: Registered adapter: bigquery=1.12.0
[0m13:04:17.278302 [debug] [MainThread]: checksum: ace6cc19d752b2eede857364603196a4b3b33bbc94fcfd5ac723aa93c3192327, vars: {}, profile: qntproj, target: bigquery_dev, version: 1.12.3
[0m13:04:18.366223 [info ] [MainThread]: Unable to do partial parsing because profile has changed
[0m13:04:18.414038 [debug] [MainThread]: Sending event: {'category': 'dbt', 'action': 'partial_parser', 'label': '5ed80cd6-855f-4183-9d20-a85bf6ac02fd', 'context': [<snowplow_tracker.self_describing_json.SelfDescribingJson object at 0x000002938AF22590>]}
[0m13:04:30.918432 [warn ] [MainThread]: [[33mWARNING[0m]: Configuration paths exist in your dbt_project.yml file which do not apply to any resources.
There are 1 unused configuration paths:
- models.qntproj.mart
[0m13:04:30.989574 [debug] [MainThread]: Sending event: {'category': 'dbt', 'action': 'load_project', 'label': '5ed80cd6-855f-4183-9d20-a85bf6ac02fd', 'context': [<snowplow_tracker.self_describing_json.SelfDescribingJson object at 0x000002938A577A50>]}
[0m13:04:32.105333 [debug] [MainThread]: Wrote artifact WritableManifest to C:\Users\Bamidele\Documents\manufact\manufact-dbt\qntproj\target\manifest.json
[0m13:04:32.127858 [debug] [MainThread]: Wrote artifact SemanticManifest to C:\Users\Bamidele\Documents\manufact\manufact-dbt\qntproj\target\semantic_manifest.json
[0m13:04:32.276029 [debug] [MainThread]: Wrote artifact OsiDocument to C:\Users\Bamidele\Documents\manufact\manufact-dbt\qntproj\target\osi_document.json
[0m13:04:32.431063 [debug] [MainThread]: Sending event: {'category': 'dbt', 'action': 'resource_counts', 'label': '5ed80cd6-855f-4183-9d20-a85bf6ac02fd', 'context': [<snowplow_tracker.self_describing_json.SelfDescribingJson object at 0x0000029397C4E350>]}
[0m13:04:32.434065 [info ] [MainThread]: Found 11 models, 2 data tests, 10 sources, 561 macros
[0m13:04:32.437066 [debug] [MainThread]: Sending event: {'category': 'dbt', 'action': 'runnable_timing', 'label': '5ed80cd6-855f-4183-9d20-a85bf6ac02fd', 'context': [<snowplow_tracker.self_describing_json.SelfDescribingJson object at 0x0000029397B69D90>]}
[0m13:04:32.445068 [info ] [MainThread]: 
[0m13:04:32.451063 [info ] [MainThread]: Concurrency: 2 threads (target='bigquery_dev')
[0m13:04:32.457926 [info ] [MainThread]: 
[0m13:04:32.486923 [debug] [MainThread]: Acquiring new bigquery connection 'master'
[0m13:04:32.549017 [debug] [ThreadPool]: Acquiring new bigquery connection 'list_seismic-gecko-487920-t3_qnt_staging'
[0m13:04:32.568026 [debug] [ThreadPool]: Opening a new connection, currently in state init
[0m13:04:35.084298 [debug] [MainThread]: Sending event: {'category': 'dbt', 'action': 'runnable_timing', 'label': '5ed80cd6-855f-4183-9d20-a85bf6ac02fd', 'context': [<snowplow_tracker.self_describing_json.SelfDescribingJson object at 0x000002939779B110>]}
[0m13:04:35.087303 [debug] [MainThread]: Opening a new connection, currently in state init
[0m13:04:35.499190 [debug] [Thread-2 (]: Began running node test.qntproj.not_null_stg_customers_customer_id.e2cfb1f9aa
[0m13:04:35.501190 [debug] [Thread-3 (]: Began running node test.qntproj.unique_stg_customers_customer_id.c7614daada
[0m13:04:35.504191 [info ] [Thread-2 (]: 1 of 2 START test not_null_stg_customers_customer_id ........................... [RUN]
[0m13:04:35.510191 [debug] [Thread-2 (]: Acquiring new bigquery connection 'test.qntproj.not_null_stg_customers_customer_id.e2cfb1f9aa'
[0m13:04:35.512191 [debug] [Thread-2 (]: Began compiling node test.qntproj.not_null_stg_customers_customer_id.e2cfb1f9aa
[0m13:04:35.506190 [info ] [Thread-3 (]: 2 of 2 START test unique_stg_customers_customer_id ............................. [RUN]
[0m13:04:35.539831 [debug] [Thread-3 (]: Acquiring new bigquery connection 'test.qntproj.unique_stg_customers_customer_id.c7614daada'
[0m13:04:35.574181 [debug] [Thread-3 (]: Began compiling node test.qntproj.unique_stg_customers_customer_id.c7614daada
[0m13:04:35.727580 [debug] [Thread-3 (]: Writing injected SQL for node "test.qntproj.unique_stg_customers_customer_id.c7614daada"
[0m13:04:35.752585 [debug] [Thread-2 (]: Writing injected SQL for node "test.qntproj.not_null_stg_customers_customer_id.e2cfb1f9aa"
[0m13:04:35.755580 [debug] [Thread-3 (]: Began executing node test.qntproj.unique_stg_customers_customer_id.c7614daada
[0m13:04:35.791114 [debug] [Thread-2 (]: Began executing node test.qntproj.not_null_stg_customers_customer_id.e2cfb1f9aa
[0m13:04:35.940334 [debug] [Thread-2 (]: Writing runtime sql for node "test.qntproj.not_null_stg_customers_customer_id.e2cfb1f9aa"
[0m13:04:35.934334 [debug] [Thread-3 (]: Writing runtime sql for node "test.qntproj.unique_stg_customers_customer_id.c7614daada"
[0m13:04:35.945345 [debug] [Thread-2 (]: On test.qntproj.not_null_stg_customers_customer_id.e2cfb1f9aa: /* {"app": "dbt", "dbt_version": "1.12.3", "profile_name": "qntproj", "target_name": "bigquery_dev", "node_id": "test.qntproj.not_null_stg_customers_customer_id.e2cfb1f9aa"} */

    
    select
      count(*) as failures,
      count(*) != 0 as should_warn,
      count(*) != 0 as should_error
    from (
      
    
  
    
    



select customer_id
from `seismic-gecko-487920-t3`.`qnt_staging`.`stg_customers`
where customer_id is null



  
  
      
    ) dbt_internal_test
[0m13:04:35.951334 [debug] [Thread-2 (]: Opening a new connection, currently in state init
[0m13:04:35.958337 [debug] [Thread-3 (]: On test.qntproj.unique_stg_customers_customer_id.c7614daada: /* {"app": "dbt", "dbt_version": "1.12.3", "profile_name": "qntproj", "target_name": "bigquery_dev", "node_id": "test.qntproj.unique_stg_customers_customer_id.c7614daada"} */

    
    select
      count(*) as failures,
      count(*) != 0 as should_warn,
      count(*) != 0 as should_error
    from (
      
    
  
    
    

with dbt_test__target as (

  select customer_id as unique_field
  from `seismic-gecko-487920-t3`.`qnt_staging`.`stg_customers`
  where customer_id is not null

)

select
    unique_field,
    count(*) as n_records

from dbt_test__target
group by unique_field
having count(*) > 1



  
  
      
    ) dbt_internal_test
[0m13:04:35.965662 [debug] [Thread-3 (]: Opening a new connection, currently in state init
[0m13:04:38.040902 [debug] [Thread-3 (]: BigQuery adapter: https://console.cloud.google.com/bigquery?project=seismic-gecko-487920-t3&j=bq:europe-west9:644f4800-afc5-428e-a191-3c956c5d53a1&page=queryresults
[0m13:04:38.044148 [error] [Thread-3 (]: BigQuery adapter: https://console.cloud.google.com/bigquery?project=seismic-gecko-487920-t3&j=bq:europe-west9:644f4800-afc5-428e-a191-3c956c5d53a1&page=queryresults
[0m13:04:38.098063 [debug] [Thread-3 (]: Database Error in test unique_stg_customers_customer_id (models\staging\schema.yml)
  Not found: Table seismic-gecko-487920-t3:qnt_staging.stg_customers was not found in location europe-west9
  compiled code at target\run\qntproj\models\staging\schema.yml\unique_stg_customers_customer_id.sql
[0m13:04:38.109068 [error] [Thread-3 (]: 2 of 2 ERROR unique_stg_customers_customer_id .................................. [[31mERROR[0m in 2.57s]
[0m13:04:38.175038 [debug] [Thread-3 (]: Finished running node test.qntproj.unique_stg_customers_customer_id.c7614daada
[0m13:04:38.179040 [debug] [Thread-6 (]: Marking all children of 'test.qntproj.unique_stg_customers_customer_id.c7614daada' to be skipped because of status 'error'.  Reason: Database Error in test unique_stg_customers_customer_id (models\staging\schema.yml)
  Not found: Table seismic-gecko-487920-t3:qnt_staging.stg_customers was not found in location europe-west9
  compiled code at target\run\qntproj\models\staging\schema.yml\unique_stg_customers_customer_id.sql.
[0m13:04:38.284405 [debug] [Thread-2 (]: BigQuery adapter: https://console.cloud.google.com/bigquery?project=seismic-gecko-487920-t3&j=bq:europe-west9:bfda777c-a2dd-40a4-9541-9c8dff47a2cb&page=queryresults
[0m13:04:38.288399 [error] [Thread-2 (]: BigQuery adapter: https://console.cloud.google.com/bigquery?project=seismic-gecko-487920-t3&j=bq:europe-west9:bfda777c-a2dd-40a4-9541-9c8dff47a2cb&page=queryresults
[0m13:04:38.324280 [debug] [Thread-2 (]: Database Error in test not_null_stg_customers_customer_id (models\staging\schema.yml)
  Not found: Table seismic-gecko-487920-t3:qnt_staging.stg_customers was not found in location europe-west9
  compiled code at target\run\qntproj\models\staging\schema.yml\not_null_stg_customers_customer_id.sql
[0m13:04:38.328279 [error] [Thread-2 (]: 1 of 2 ERROR not_null_stg_customers_customer_id ................................ [[31mERROR[0m in 2.82s]
[0m13:04:38.354641 [debug] [Thread-2 (]: Finished running node test.qntproj.not_null_stg_customers_customer_id.e2cfb1f9aa
[0m13:04:38.358638 [debug] [Thread-6 (]: Marking all children of 'test.qntproj.not_null_stg_customers_customer_id.e2cfb1f9aa' to be skipped because of status 'error'.  Reason: Database Error in test not_null_stg_customers_customer_id (models\staging\schema.yml)
  Not found: Table seismic-gecko-487920-t3:qnt_staging.stg_customers was not found in location europe-west9
  compiled code at target\run\qntproj\models\staging\schema.yml\not_null_stg_customers_customer_id.sql.
[0m13:04:38.367637 [debug] [MainThread]: Opening a new connection, currently in state closed
[0m13:04:38.648966 [debug] [MainThread]: Connection 'master' was properly closed.
[0m13:04:38.651488 [debug] [MainThread]: Connection 'list_seismic-gecko-487920-t3_qnt_staging' was properly closed.
[0m13:04:38.660421 [debug] [MainThread]: Connection 'test.qntproj.not_null_stg_customers_customer_id.e2cfb1f9aa' was properly closed.
[0m13:04:38.665418 [debug] [MainThread]: Connection 'test.qntproj.unique_stg_customers_customer_id.c7614daada' was properly closed.
[0m13:04:38.668424 [info ] [MainThread]: 
[0m13:04:38.674417 [info ] [MainThread]: Finished running 2 data tests in 0 hours 0 minutes and 6.19 seconds (6.19s).
[0m13:04:38.686205 [debug] [MainThread]: Command end result
[0m13:04:39.481754 [debug] [MainThread]: Wrote artifact WritableManifest to C:\Users\Bamidele\Documents\manufact\manufact-dbt\qntproj\target\manifest.json
[0m13:04:39.517773 [debug] [MainThread]: Wrote artifact SemanticManifest to C:\Users\Bamidele\Documents\manufact\manufact-dbt\qntproj\target\semantic_manifest.json
[0m13:04:39.564016 [debug] [MainThread]: Wrote artifact OsiDocument to C:\Users\Bamidele\Documents\manufact\manufact-dbt\qntproj\target\osi_document.json
[0m13:04:39.635590 [debug] [MainThread]: Wrote artifact RunExecutionResult to C:\Users\Bamidele\Documents\manufact\manufact-dbt\qntproj\target\run_results.json
[0m13:04:39.638588 [info ] [MainThread]: 
[0m13:04:39.682093 [info ] [MainThread]: [31mCompleted with 2 errors, 0 partial successes, and 0 warnings:[0m
[0m13:04:39.725964 [info ] [MainThread]: 
[0m13:04:39.784420 [error] [MainThread]: [[31mERROR[0m]: in test unique_stg_customers_customer_id (models\staging\schema.yml)
[0m13:04:39.854077 [error] [MainThread]:   Database Error in test unique_stg_customers_customer_id (models\staging\schema.yml)
  Not found: Table seismic-gecko-487920-t3:qnt_staging.stg_customers was not found in location europe-west9
  compiled code at target\run\qntproj\models\staging\schema.yml\unique_stg_customers_customer_id.sql
[0m13:04:39.891431 [info ] [MainThread]: 
[0m13:04:39.963965 [info ] [MainThread]:   compiled code at target\compiled\qntproj\models\staging\schema.yml\unique_stg_customers_customer_id.sql
[0m13:04:40.082586 [info ] [MainThread]: 
[0m13:04:40.172619 [error] [MainThread]: [[31mERROR[0m]: in test not_null_stg_customers_customer_id (models\staging\schema.yml)
[0m13:04:40.229965 [error] [MainThread]:   Database Error in test not_null_stg_customers_customer_id (models\staging\schema.yml)
  Not found: Table seismic-gecko-487920-t3:qnt_staging.stg_customers was not found in location europe-west9
  compiled code at target\run\qntproj\models\staging\schema.yml\not_null_stg_customers_customer_id.sql
[0m13:04:40.331221 [info ] [MainThread]: 
[0m13:04:40.539289 [info ] [MainThread]:   compiled code at target\compiled\qntproj\models\staging\schema.yml\not_null_stg_customers_customer_id.sql
[0m13:04:40.651418 [info ] [MainThread]: 
[0m13:04:40.736811 [info ] [MainThread]: Done. PASS=0 WARN=0 ERROR=2 SKIP=0 NO-OP=0 REUSED=0 TOTAL=2
[0m13:04:40.814588 [debug] [MainThread]: Command `dbt test` failed at 13:04:40.810586 after 46.34 seconds
[0m13:04:40.818588 [debug] [MainThread]: Sending event: {'category': 'dbt', 'action': 'invocation', 'label': 'end', 'context': [<snowplow_tracker.self_describing_json.SelfDescribingJson object at 0x0000029395EB7650>, <snowplow_tracker.self_describing_json.SelfDescribingJson object at 0x000002938C886810>, <snowplow_tracker.self_describing_json.SelfDescribingJson object at 0x000002938C94C810>]}
[0m13:04:40.821589 [debug] [MainThread]: Flushing usage events
[0m13:04:42.065671 [debug] [MainThread]: An error was encountered while trying to flush usage events
